N°,DELEGACION,MERCADO,NUM_OFIC,NUM_LOCALE,Coord_Y,Coord_X,DIRECCION,COLONIA,TIPO,SUPERF_M2,INAUGURACI,ANTIGÜEDA,VOCACIÓN,DETALLE,FORMA,NIVELES,TAMAÑO1,PROTEGIDO,COORGEOG_Y,COORGEOG_X
18,AZCAPOTZALCO,AZCAPOTZALCO,35,546,2154268.07,480539.52674,AV. AZCAPOTZALCO ENTRE ESPERANZA Y RAYON,AZCAPOTZALCO,TRADICIONAL,9346,1957,63,N/D,N/D,CUADRO,1,MEDIANO,SI,-99.1854389999,19.4828719147
20,AZCAPOTZALCO,CLAVERIA,46,98,2152290.31457,480987.33324,IRAPUATO Y CLAVERIA S/N,CLAVERIA,TRADICIONAL,2063,1947,73,N/D,N/D,CUADRO,1,CHICO,NO,-99.1811519999,19.4650029147
17,AZCAPOTZALCO,ARENAL,125,198,2152427.54057,484181.95416,ALAMO Y CALLE 6 ENTRE OLIVO Y CALLE 6,ARENAL,TRADICIONAL,3129,1963,57,N/D,N/D,RECTANGULO,1,CHICO,SI,-99.150715,19.4662709147
29,AZCAPOTZALCO,PROHOGAR,126,641,2153487.53606,483884.41298,CALLE 14 S/N ENTRE CALLES 19 Y 21,PROHOGAR,TRADICIONAL,7167,1963,57,"ROPA, CALZADO Y TELAS",ROPA,CUADRO,1,GRANDE,NO,-99.1535589999,19.4758479147
33,AZCAPOTZALCO,SANTA LUCIA,137,150,2153555.07609,479388.53462,AV. SANTA LUCIA ENTRE CENTEOTL Y ACATL,SANTA LUCIA,TRADICIONAL,3116,1964,56,N/D,N/D,CUADRO,1,CHICO,NO,-99.1963989999,19.4764169147
21,AZCAPOTZALCO,COSMOPOLITA,138,135,2153419.17055,483019.89603,AV. CEYLAN ESQ. ISLAS ALEUTIANAS,POTRERO DEL LLANO,TRADICIONAL,2848,1963,57,N/D,N/D,CUADRO,1,CHICO,NO,-99.1617959999,19.4752229147
35,AZCAPOTZALCO,VICTORIA DE LAS DEMOCRACIAS,141,177,2152574.78656,482885.70615,"TORONJIL Y PEREJIL, ENTRE PIMIENTA Y MEJORANA",VICTORIA DE LAS DEMOCRACIAS,TRADICIONAL,2954,1964,56,N/D,N/D,RECTANGULO,1,CHICO,NO,-99.1630669999,19.4675909147
26,AZCAPOTZALCO,OBRERO POPULAR,142,125,2152093.63629,481783.11029,NORTE 67 ENTRE  PONIENTE 54 Y SUR 4,OBRERO POPULAR,TRADICIONAL,1856,1968,52,N/D,N/D,RECTANGULO,1,CHICO,NO,-99.1735679999,19.4632329148
25,AZCAPOTZALCO,NUEVA SANTA MARIA,143,126,2152221.87589,482235.38564,"CLAVELINAS ENTRE MEMBRILLO, BEGONIAS Y VID",NUEVA SANTA MARIA,TRADICIONAL,3740,1963,57,N/D,N/D,CUADRO,1,CHICO,NO,-99.1692599999,19.4643959147
19,AZCAPOTZALCO,BENITO JUAREZ,167,123,2153476.38104,481445.00072,AV. RABAUL ENTRE NORTE 81 Y NORTE 79,SINDICATO MEXICANO DE ELECTRICISTAS,TRADICIONAL,2317,1964,56,N/D,N/D,RECTANGULO,1,CHICO,NO,-99.1768029999,19.4757259147
34,AZCAPOTZALCO,TLATILCO,194,155,2151962.04981,482934.66446,"ORQUIDEA 35, ENTRE AV. JARDIN Y AV. TLATILCO",TLATILCO,TRADICIONAL,3137,1974,46,N/D,N/D,CUADRO,1,CHICO,NO,-99.1625949999,19.4620539148
32,AZCAPOTZALCO,SAN JUAN TLIHUACA,224,168,2155386.37007,478657.96029,SAN JUAN TLIHUACA Y FORTUNA ZUA ZUA,SAN JUAN TLIHUACA,TRADICIONAL,2991,1962,58,N/D,N/D,RECTANGULO,1,CHICO,NO,-99.2033809999,19.4929589146
22,AZCAPOTZALCO,JARDIN 23 DE ABRIL,227,154,2154215.51563,477403.4422,"AV. 23 DE ABRIL Y LIBERATO LARA, ENTRE ADRIAN CASTREJON Y JOAQUIN AMARO",AMPLIACIÒN SAN PEDRO XALPA,TRADICIONAL,3495,1969,51,N/D,N/D,IRREGULAR,1,CHICO,NO,-99.2153219999,19.4823639147
23,AZCAPOTZALCO,JARDIN FORTUNA NACIONAL,228,71,2154035.83826,478467.7756,"CAMPO FORTUNA NACIONAL, ENTRE  CAMPO VERDE Y CAMPO TASAJERA",AMPLIACIÒN PETROLERA,TRADICIONAL,3140,1973,47,N/D,N/D,IRREGULAR,1,CHICO,NO,-99.2051779999,19.4807519147
30,AZCAPOTZALCO,PROVIDENCIA,247,143,2155226.23167,477582.05411,"CALLE LUCIO BLANCO, ENTRE FRANCISCO I. MADERO Y VENUSTIANO CARRANZA",PROVIDENCIA,TRADICIONAL,1928,1963,57,N/D,N/D,RECTANGULO,1,CHICO,NO,-99.2136319999,19.4914999146
24,AZCAPOTZALCO,LAMINADORES,250,148,2153983.59438,483642.43427,"MINEROS METALURGICOS, ENTRE LAMINADORES Y CALLES 8 Y 9",TRABAJADORES DEL FIERRO,TRADICIONAL,1491,1972,48,N/D,N/D,IRREGULAR,2,CHICO,NO,-99.1558689999,19.4803289147
27,AZCAPOTZALCO,PANTACO,268,41,2153332.71317,482029.83585,AV. RABAUL Y ADUANAS PANTACO,HOGAR DE LOS F.F.C.C.,ESPECIALIZADO,2494,1963,57,COMIDA PREPARADA Y OTROS,COMIDA PREPARADA,RECTANGULO,1,CHICO,NO,-99.1712289999,19.4744329147
28,AZCAPOTZALCO,PASTEROS,276,122,2155744.72243,479275.82019,JACARANDAS ENTRE DURAZNOS Y CIRUELOS,PASTEROS,TRADICIONAL,1601,1963,57,N/D,N/D,RECTANGULO,1,CHICO,NO,-99.1974969999,19.4962039146
59,COYOACÁN,COYOACAN,89,464,2139865.46056,483038.47198,"XICOTENCATL, ENTRE MALITZIN Y ALLENDE",DEL CARMEN COYOACAN,TRADICIONAL,8222,1957,63,COMIDA PREPARADA Y OTROS,COMIDA PREPARADA,CUADRO,1,MEDIANO,SI,-99.1614979999,19.3527349151
67,COYOACÁN,PRADO CHURUBUSCO,130,117,2140013.178,486769.43445,OSA MENOR ENTRE ORION Y PEGASO,PRADO CHURUBUSCO,TRADICIONAL,1990,1964,56,N/D,N/D,CUADRO,1,CHICO,NO,-99.125975,19.3540979151
70,COYOACÁN,SANTA URSULA COAPA (PESCADITOS),154,268,2135331.98316,484206.73509,"SAN GONZALO MZ. 933 LT. 2, ENTRE SAN BENJAMIN Y SAN CASTULO",SANTA URSULA COAPA,TRADICIONAL,5428,1970,50,N/D,N/D,IRREGULAR,1,MEDIANO,NO,-99.1503369999,19.3117739152
61,COYOACÁN,EL RELOJ,155,90,2136095.72276,485237.39601,"CAL.CALIZ Y PRIMAVERA,CDA DE CALIZ",EL RELOJ,TRADICIONAL,1175,1962,58,N/D,N/D,CUADRO,1,CHICO,NO,-99.1405319999,19.3186839152
73,COYOACÁN,XOTEPINGO,157,124,2138243.05151,484816.89521,LAS ROSAS Y NOCHE BUENA,CIUDAD JARDIN,TRADICIONAL,2347,1966,54,N/D,N/D,CUADRO,1,CHICO,NO,-99.1445519999,19.3380869151
57,COYOACÁN,CHURUBUSCO,171,157,2139536.79813,484554.35518,"MARTIRES IRLANDESES, ENTRE JUAN AGUILAR Y LOPEZ  Y PAZ MONTES DE OCA",HEROES DEL 47,TRADICIONAL,3218,1962,58,N/D,N/D,RECTANGULO,1,CHICO,NO,-99.1470619999,19.3497769151
54,COYOACÁN,AVANTE,180,101,2136922.82069,485826.20545,AV. DEL PARQUE Y RETORNO 50 S/N,AVANTE,TRADICIONAL,3224,1967,53,N/D,N/D,CUADRO,1,CHICO,NO,-99.1349329999,19.3261629152
68,COYOACÁN,RUIZ CORTINEZ (LA CRUZ),199,95,2136101.10608,484101.40892,TEPETLAPA ENTRE CANAZOC Y TEPEPEHU,ADOLFO RUIZ CORTINEZ,TRADICIONAL,1178,1984,36,N/D,N/D,CUADRO,1,CHICO,NO,-99.1513459999,19.3187239152
53,COYOACÁN,AJUSCO MONTSERRAT (LA BOLA),229,233,2136665.22962,483459.23659,TOTONACAS IXTLIXOCHITL (LA BOLA),AJUSCO,TRADICIONAL,7755,1973,47,"ROPA, CALZADO Y TELAS",ROPA,CIRCULO,1,MEDIANO,NO,-99.1574639999,19.3238169152
69,COYOACÁN,SAN FRANCISCO CULHUACAN,236,235,2138015.26224,487048.00812,"HEROICA ESCUELA NAVAL MILITAR # 51, ENTRE AV. TAXQUEÑA Y EJIDO  SAN ANTONIO TOMATLAN",SAN FRANCISCO CULHUACAN,TRADICIONAL,5357,1969,51,N/D,N/D,RECTANGULO,1,MEDIANO,NO,-99.1233089999,19.3360439151
52,COYOACÁN,AJUSCO MOCTEZUMA,237,232,2135471.76637,482947.49409,"AV. CORAS Y NEZAHALPILLI, ENTRE MOCTEZUMA Y SAN GUILLERMO",AJUSCO,TRADICIONAL,5698,1966,54,N/D,N/D,IRREGULAR,1,MEDIANO,NO,-99.1623249999,19.3130269153
60,COYOACÁN,EDUCACION PETROLERA,259,78,2138044.58215,486151.434,AVENIDA 3 Y AVENIDA 5,EDUCACION PETROLERA,TRADICIONAL,1924,1966,54,N/D,N/D,RECTANGULO,1,CHICO,NO,-99.1318449999,19.3363029151
65,COYOACÁN,LOS REYES COYOACAN,300,104,2137739.59658,483409.79525,BASALTO Y CANTERA,PEDREGAL SANTO DOMINGO,TRADICIONAL,3987,1988,32,N/D,N/D,RECTANGULO,1,CHICO,NO,-99.1579439999,19.3335259151
71,COYOACÁN,SANTO DOMINGO LAS ROSAS,301,105,2137455.81674,482885.80447,AV. PAPALOTL ENTRE ESCUINAPA Y CANAHUTLI,PEDREGAL SANTO DOMINGO,TRADICIONAL,4384,1984,36,N/D,N/D,RECTANGULO,1,CHICO,NO,-99.1629299999,19.3309569152
56,COYOACÁN,CARMEN SERDAN,303,116,2136277.15866,488858.83181,MANUELA MEDINA S/N. HERMANAS GONZALEZ Y GERTRUDIS BOCANEGRA,CARMEN SERDAN,TRADICIONAL,1971,1984,36,N/D,N/D,CUADRO,1,CHICO,NO,-99.1060589999,19.3203469152
66,COYOACÁN,MARGARITA MAZA DE JUAREZ,311,102,2135470.08294,487961.09104,"ORIENTAL , ENTRE TEPETLAPA Y TORRE EIFFEL",U.H. ALIANZA POPULAR,TRADICIONAL,1404,1984,36,N/D,N/D,CUADRO,1,CHICO,NO,-99.1146,19.3130479153
63,COYOACÁN,EMILIANO ZAPATA,319,47,2135842.09773,488468.30633,PLAN DE AYALA Y ANENECUILCO,U.H. EMILIANO ZAPATA,TRADICIONAL,837,1985,35,N/D,N/D,CUADRO,1,CHICO,NO,-99.109774,19.3164129152
72,COYOACÁN,SANTO DOMINGO LOS REYES,340,35,2136210.01964,482270.94342,ZIHUATLAN No 25 ENTRE PASCLE Y AHUEJOTE,PEDREGAL SANTO DOMINGO,TRADICIONAL,190,1979,41,N/D,N/D,RECTANGULO,2,CHICO,NO,-99.1687719999,19.3196929152
58,COYOACÁN,COPILCO EL ALTO,347,68,2137550.98808,482071.30915,AV.ANACAHUITLA Y ECUINAPA S/N,PEDREGAL SANTO DOMINGO,TRADICIONAL,514,1988,32,N/D,N/D,RECTANGULO,2,CHICO,NO,-99.1706849999,19.3318099152
64,COYOACÁN,HERMOSILLO,368,45,2139116.53133,486511.03589,AMACUZAC ESQ. QUINCEO,HERMOSILLO,TRADICIONAL,560,1984,36,N/D,N/D,RECTANGULO,1,CHICO,NO,-99.1284289999,19.3459929151
62,COYOACÁN,EL VERDE,412,176,2135648.18844,489083.25506,ROSARIO CASTELLANOS Y DOLORES GUERRERO,UNIDAD C.T.M.,TRADICIONAL,2512,2012,8,N/D,N/D,CUADRO,2,CHICO,NO,-99.1039189999,19.3146639152
55,COYOACÁN,BAZAR DEL ARTESANO MEXICANO,414,550,2139582.1633,482831.61692,CALLE FELIPE CARRILLO PUERTO No 25,VILLA COYOACÁN,ESPECIALIZADO,2460,2012,8,N/D,N/D,IRREGULAR,2,MEDIANO,NO,-99.1634649999,19.3501729151
75,CUAJIMALPA,CUAJIMALPA,37,128,2140198.89458,468564.21956,AV. VERACRUZ Y MELCHOR OCAMPO,PUEBLO DE CUAJIMALPA,TRADICIONAL,2784,1962,58,N/D,N/D,CUADRO,1,CHICO,SI,-99.2993179998,19.355573915
78,CUAJIMALPA,SAN MATEO TLALTENANGO,258,32,2138724.12018,470331.70321,MINA Y CDA. DE MINA S/N,SAN MATEO TLALTENANGO,TRADICIONAL,584,1962,58,N/D,N/D,RECTANGULO,1,CHICO,NO,-99.2824659998,19.3422729151
77,CUAJIMALPA,ROSA TORRES,262,159,2141783.3564,469662.18134,"AV. SAN JOSE DE LOS CEDROS ESQ, SAUCE",SAN JOSE DE LOS CEDROS,TRADICIONAL,3600,1975,45,N/D,N/D,IRREGULAR,1,CHICO,NO,-99.2888889999,19.369909915
76,CUAJIMALPA,HUIZACHITO,-378,8,2141935.61749,470533.85505,"CAMINO A HUIZACHITOS/N, NOCHE DE PAZ Y ECHANOVE",HUIZACHITO LA PALMA,TRADICIONAL,4098,1982,38,N/D,N/D,RECTANGULO,1,CHICO,NO,-99.2805909998,19.371298915
168,GUSTAVO A. MADERO,VILLA ZONA,34,938,2154371.39155,487906.37966,5 DE FEBRERO ENTRE MATAMOROS E ITURBIDE,GUSTAVO A. MADERO,TRADICIONAL,31866,1955,65,COMIDA PREPARADA Y OTROS,COMIDA Y ARTICULOS RELIGIOSOS,CUADRO,2,GRANDE,NO,-99.115241,19.4838639146
146,GUSTAVO A. MADERO,RAMON CORONA,45,458,2153623.82799,486935.01795,"CONSTANCIA  S/N, ENTRE RIO BLANCO Y NECAXA",INDUSTRIAL,TRADICIONAL,6599,1963,57,N/D,N/D,CUADRO,1,MEDIANO,SI,-99.1244919999,19.4771019147
123,GUSTAVO A. MADERO,CARRERA LARDIZABAL,50,131,2154221.98519,489536.04409,LUIS DE LA ROSA Y LEON GUZMAN,CONSTITUCION DE LA REPUBLICA,TRADICIONAL,1513,1964,56,N/D,N/D,RECTANGULO,1,CHICO,NO,-99.0997109999,19.4825229147
147,GUSTAVO A. MADERO,RIO BLANCO,53,454,2151907.61456,488181.81282,"CONGRESO DE LA UNION, ENTRE ORIENTE 95 Y ORIENTE 91",MARTIRES DE RÍO BLANCO,TRADICIONAL,6252,1963,57,N/D,N/D,RECTANGULO,1,MEDIANO,NO,-99.1126009999,19.4615999148
129,GUSTAVO A. MADERO,ESTRELLA,54,124,2153461.19569,487843.32543,JOYAS ENTRE OPALO Y ESCUELA,ESTRELLA,TRADICIONAL,2074,1958,62,N/D,N/D,RECTANGULO,1,CHICO,NO,-99.115836,19.4756379147
127,GUSTAVO A. MADERO,DIEZ DE MAYO,56,390,2151309.33965,489012.17905,"ORIENTE 87, NORTE 84 Y ORIENTE 89",NUEVA TENOCHTITLAN,TRADICIONAL,5477,1961,59,N/D,N/D,CUADRO,1,MEDIANO,NO,-99.104686,19.4561979147
133,GUSTAVO A. MADERO,GERTRUDIS SANCHEZ,58,215,2152181.73485,489377.21826,"NORTE 82B ESQ. HENRY FORD, ENTRE NORTE 84 Y NORTE 82",GERTRUDIS SANCHEZ,TRADICIONAL,2773,0,2020,N/D,N/D,CUADRO,1,MEDIANO,NO,-99.101213,19.4640839147
148,GUSTAVO A. MADERO,SALVADO DIAZ MIRON,62,150,2154813.18355,489579.2026,"NORTE 66A, ORIENTE 155 Y NORTE 66",SALVADOR DÍAZ MIRÓN,TRADICIONAL,2257,1964,56,N/D,N/D,CUADRO,1,CHICO,NO,-99.099303,19.4878659146
132,GUSTAVO A. MADERO,GABRIEL HERNANDEZ,69,214,2156273.45177,490026.10891,AV. CENTENARIO Y CERRITO,GABRIEL HERNANDEZ,TRADICIONAL,3925,1964,56,N/D,N/D,RECTANGULO,1,MEDIANO,NO,-99.0950519999,19.5010649146
163,GUSTAVO A. MADERO,VASCO DE QUIROGA,70,212,2155554.08375,490038.09293,BARTOLOME DE OLMEDO Y FRAY JUAN DE PADILLA,VASCO DE QUIROGA,TRADICIONAL,3300,1963,57,N/D,N/D,CUADRO,1,MEDIANO,NO,-99.094934,19.4945639147
162,GUSTAVO A. MADERO,TRES ESTRELLAS,171,122,2152960.26882,488342.34162,"MARTIRES IRLANDESES, ENTRE JUAN AGUILAR Y LOPEZ  Y PAZ MONTES DE OCA",HEROES DEL 47,TRADICIONAL,3218,1962,58,N/D,N/D,RECTANGULO,1,CHICO,NO,-99.1470619999,19.3497769151
143,GUSTAVO A. MADERO,PROGRESO NACIONAL,73,274,2158580.78497,483336.57701,CALLE 28 ENTRE CALLE 11 Y CALLE 12,PROGRESO NACIONAL,TRADICIONAL,5238,1964,56,N/D,N/D,CUADRO,1,MEDIANO,NO,-99.158824,19.5218719146
167,GUSTAVO A. MADERO,VILLA COMIDAS (VIEJO),81,209,2154469.84092,488121.78582,5 DE FEBRERO ENTRE ECHEVERRIA Y PEDRO MARIA ANAYA,GUSTAVO A. MADERO,ESPECIALIZADO,2967,1958,62,COMIDA PREPARADA Y OTROS,COMIDA Y ABARROTES,RECTANGULO,1,MEDIANO,NO,-99.113189,19.4847549147
119,GUSTAVO A. MADERO,AMPLIACION CASAS ALEMAN,116,192,2153533.49307,491202.09704,"PUERTO TAMPICO Y PUERTO ACAPULCO, PUERTO MANZANILLO Y CDA . PUERTO ACAPULCO",AMPLIACIÓN CASAS ALEMÁN,TRADICIONAL,3345,1963,57,N/D,N/D,CUADRO,1,CHICO,NO,-99.0838319999,19.4763089147
138,GUSTAVO A. MADERO,MARTIN CARRERA,117,241,2154724.70149,488773.84151,V. GUERRERO Y JOSE J. HERRERA,MARTIN CARRERA,TRADICIONAL,3713,1963,57,N/D,N/D,CUADRO,1,MEDIANO,NO,-99.106977,19.4870619147
151,GUSTAVO A. MADERO,SAN JUAN DE ARAGON UNIDAD I,121,193,2151696.73663,490370.14698,AV. 517 Y 521,SAN JUAN DE ARAGÓN UNIDAD 1,TRADICIONAL,3777,1964,56,N/D,N/D,CUADRO,1,CHICO,NO,-99.09175,19.4597059148
166,GUSTAVO A. MADERO,VICENTE GUERRERO (NUEVA ATZACOALCO),123,386,2156325.81398,491034.83651,CALLE 314 ENTRE CALLE 311 Y 313,NUEVA ATZACOALCO,TRADICIONAL,4958,1963,57,N/D,N/D,CUADRO,1,MEDIANO,NO,-99.085439,19.5015429146
139,GUSTAVO A. MADERO,MAXIMINO AVILA CAMACHO,127,130,2153496.43123,485530.31079,"PPONIENTE 112, NORTE 1B Y NORTE 1C",M. AVILA CAMACHO,TRADICIONAL,2586,1964,56,N/D,N/D,RECTANGULO,1,CHICO,NO,-99.137876,19.4759409147
140,GUSTAVO A. MADERO,PANAMERICANA,145,430,2153682.09516,484740.94886,PONIENTE 122 Y NORTE 9,PANAMERICANA,TRADICIONAL,7721,1963,57,N/D,N/D,CUADRO,1,MEDIANO,NO,-99.1453989999,19.4776129147
130,GUSTAVO A. MADERO,FERNANDO CASAS ALEMAN,156,222,2150920.15779,489789.502,"RUBLOS, CAIRO Y PESETAS",CERRO PRIETO,TRADICIONAL,3044,1963,57,N/D,N/D,CUADRO,1,MEDIANO,NO,-99.0972779999,19.4526849148
134,GUSTAVO A. MADERO,JUAN GONZALEZ ROMERO,160,201,2156867.6019,490551.39042,"AV. DE LAS FLORES Y CALLE GLORIA, ENTRE MADRE SELVA Y ALCATRAZ",GONZALEZ ROMERO,TRADICIONAL,3102,0,2020,N/D,N/D,CUADRO,1,MEDIANO,NO,-99.0900489999,19.5064369146
121,GUSTAVO A. MADERO,BONDOJITO,161,181,2152362.71906,488900.51971,HENRY FORD Y NORTE 72A,BONDOJITO,TRADICIONAL,3563,1964,56,N/D,N/D,CUADRO,1,CHICO,NO,-99.105756,19.4657169147
161,GUSTAVO A. MADERO,SANTA ROSA,164,167,2158882.97585,482301.02026,"CALLE 26 , ENTRE CALLE 28A Y CALZ. VALLEJO",SANTA ROSA,TRADICIONAL,2077,1984,36,N/D,N/D,CUADRO,1,CHICO,NO,-99.1686969999,19.5245939146
160,GUSTAVO A. MADERO,SANTA MARIA TICOMAN,176,119,2157963.93012,486013.49404,AV. 21 DE MARZO Y CALLE 1810,BARRIO LA LAGUNILLA,TRADICIONAL,2848,1964,56,N/D,N/D,CUADRO,1,CHICO,NO,-99.133305,19.5163179145
145,GUSTAVO A. MADERO,PUEBLO DE SAN JUAN DE ARAGON,185,64,2152692.21326,491161.90997,"RIO GUADALUPE, JARDIN REVOLUCION Y J. M. MORELOS",PUEBLO SAN JUAN DE ARAGÓN,TRADICIONAL,1131,1960,60,N/D,N/D,IRREGULAR,1,CHICO,NO,-99.0842109999,19.4687059147
149,GUSTAVO A. MADERO,SAN BARTOLO ATEPEHUACAN,188,159,2155249.97507,485244.40034,AV. MONTEVIDEO No 500 ENTRE CALLE LOMA Y MANDUJANO,SAN BARTOLO ATEPEHUACAN,TRADICIONAL,3140,1963,57,N/D,N/D,CUADRO,1,CHICO,NO,-99.1406139999,19.4917859146
158,GUSTAVO A. MADERO,SAN PEDRO ZACATENCO,189,111,2156780.38479,486878.54664,"LA RIOJA Y MANIZALES, ENTRE MANIZALES Y RAMIRIQUI",SAN PEDRO ZACATENCO,TRADICIONAL,3117,1963,57,N/D,N/D,CUADRO,1,CHICO,NO,-99.1250519999,19.5056279146
137,GUSTAVO A. MADERO,MAGDALENA DE LAS SALINAS (NUEVA VALLEJO),193,86,2154513.40394,484393.4566,"PONIENTE 122, ENTRE NORTE 19A NORTE 21 Y PTE 126",NUEVA VALLEJO,TRADICIONAL,984,1975,45,N/D,N/D,RECTANGULO,1,CHICO,NO,-99.1487169999,19.4851229146
156,GUSTAVO A. MADERO,SAN JUAN DE ARAGON UNIDAD 7,204,190,2152853.8937,492081.46366,"AV. 414, ENTRE 481 Y 483",SAN JUAN DE ARAGÓN UNIDAD 7,TRADICIONAL,4101,1964,56,N/D,N/D,CUADRO,1,CHICO,NO,-99.0754499999,19.4701709147
150,GUSTAVO A. MADERO,SAN FELIPE DE JESUS,205,269,2155443.46285,491966.12224,HIDALGO ENTRE TAMAZULA Y APATZINGAN,SAN FELIPE DE JESÚS,TRADICIONAL,4275,1968,52,"ROPA, CALZADO Y TELAS",ROPA,RECTANGULO,1,MEDIANO,NO,-99.0765599999,19.4935729146
152,GUSTAVO A. MADERO,SAN JUAN DE ARAGON UNIDAD 2,218,108,2151060.81135,491013.95536,"AV. 506, 553 Y 549",SAN JUAN DE ARAGÓN UNIDAD 2,TRADICIONAL,5945,1964,56,N/D,N/D,CUADRO,1,CHICO,NO,-99.0856129999,19.4539619148
153,GUSTAVO A. MADERO,SAN JUAN DE ARAGON UNIDAD 3,219,232,2150820.91336,492468.93359,"AV. 606, 597 Y 595",SAN JUAN DE ARAGÓN UNIDAD 3,TRADICIONAL,3657,1964,56,N/D,N/D,CUADRO,1,MEDIANO,NO,-99.0717499999,19.4517999148
159,GUSTAVO A. MADERO,SANTA ISABEL TOLA,221,67,2156025.66675,487744.73952,CUAUHTEMOC Y CACAMA,STA. ISABEL TOLA,TRADICIONAL,1580,1959,61,N/D,N/D,RECTANGULO,1,CHICO,NO,-99.116792,19.4988129146
141,GUSTAVO A. MADERO,PRADERA,242,106,2153462.91792,492911.02453,MALINCHE Y POPOCATEPETL,LA PRADERA,TRADICIONAL,1967,1963,57,N/D,N/D,RECTANGULO,1,CHICO,NO,-99.0675479999,19.4756779147
122,GUSTAVO A. MADERO,CAMPESTRE ARAGON,272,137,2154596.92875,491792.59267,"CALLE ESFUERZO""A""  ESQ. CAMINO CENTRAL SUR",CAMPESTRE ARAGÓN,TRADICIONAL,2763,1976,44,N/D,N/D,RECTANGULO,1,CHICO,NO,-99.0782099999,19.4859219147
120,GUSTAVO A. MADERO,AMPLIACION GABRIEL HERNANDEZ,277,78,2156804.42607,489537.01921,EVA SAMANO DE LOPEZ MATEOS Y RODOLFO MENDEZ,AMPLIACIÓN GABRIEL HERNANDEZ,TRADICIONAL,2317,1982,38,N/D,N/D,RECTANGULO,1,CHICO,NO,-99.099716,19.5058609146
164,GUSTAVO A. MADERO,VEINTICINCO DE JULIO,302,249,2155727.80609,491330.34821,"EJIDO Y CANAL DE DESAGUE, ENTRE CANAL Y CUAUHTEMOC",VEINTICINCO DE JULIO,ESPECIALIZADO,3002,1978,42,"MUEBLES, FERRETERÍA, JACIERÍA, MIMBRE, CESTERÍA, HERRAMIENTAS, ARTÍCULOS PARA COCINA, ARTÍCULOS ESOTÉRICOS",HERRAMIENTAS,RECTANGULO,1,MEDIANO,NO,-99.0826199999,19.4961399147
157,GUSTAVO A. MADERO,SAN PEDRO EL CHICO,329,51,2152601.11042,489959.63605,AV.TALISMAN Y NORTE 94,SAN PEDRO EL CHICO,TRADICIONAL,1644,1979,41,N/D,N/D,CUADRO,1,CHICO,NO,-99.0956659999,19.4678769147
136,GUSTAVO A. MADERO,MA. ESTHER ZUNO DE ECHEVERRIA,330,90,2154305.57567,487708.51882,AQUILES SERDAN Y FRAY JUAN DE ZUMARRAGA,VILLA GUSTAVO A. MADERO,ESPECIALIZADO,2168,1976,44,COMIDA PREPARADA Y OTROS,COMIDA PREPARADA,CUADRO,1,CHICO,NO,-99.117126,19.4832679146
154,GUSTAVO A. MADERO,SAN JUAN DE ARAGON UNIDAD 4 Y 5,336,169,2151017.37584,493170.99809,CALLE 625 Y CALLE 623 ENTRE CALLE 604 Y CALLE 606,SAN JUAN DE ARAGÓN UNIDAD 4 Y 5,TRADICIONAL,5635,1973,47,N/D,N/D,RECTANGULO,1,CHICO,NO,-99.065062,19.4535779147
126,GUSTAVO A. MADERO,CUCHILLA DEL TESORO,338,128,2150357.48625,493972.57871,AV. CUHILLA DEL TESORO Y AV. DEL PARQUE,CUCHILLA DEL TESORO,TRADICIONAL,3533,1980,40,N/D,N/D,CUADRO,1,CHICO,NO,-99.0574229999,19.4476169148
155,GUSTAVO A. MADERO,SAN JUAN DE ARAGON UNIDAD 6,339,190,2152446.04954,493098.91096,"AV. 506, 553 Y 549",SAN JUAN DE ARAGÓN UNIDAD 6,TRADICIONAL,4403,1987,33,N/D,N/D,CUADRO,1,CHICO,NO,-99.065754,19.4664889147
142,GUSTAVO A. MADERO,PRIMERO DE SEPTIEMBRE,354,244,2152450.48191,485872.14473,"BORODIN, CLAVE Y PUCCINI",VALLEJO,TRADICIONAL,2473,1981,39,N/D,N/D,RECTANGULO,1,CHICO,NO,-99.134611,19.4664909148
118,GUSTAVO A. MADERO,ALFREDO ROBLES DOMINGUEZ,366,61,2152974.18463,485758.78861,ALFREDO ROBLES DOMINGUEZ E INSURGENTES NORTE,GUADALUPE INSURGENTES,TRADICIONAL,1038,0,2020,N/D,N/D,CUADRO,1,CHICO,NO,-99.135695,19.4712229147
124,GUSTAVO A. MADERO,CUATRO DE FEBRERO,404,120,2156828.26732,490441.02076,RODOLFO MENDEZ Y PERIFERICO,AMPLIACION GABRIEL HERNANDEZ,TRADICIONAL,1509,1982,38,N/D,N/D,IRREGULAR,1,CHICO,NO,-99.0911006666,19.5060809146
125,GUSTAVO A. MADERO,CUAUTEPEC,405,74,2161627.29491,485008.98957,5 DE MAYO Y FRANCISCO VILLA ESQ. 18 DE MARZO,CUAUTEPEC,TRADICIONAL,5097,1987,33,N/D,N/D,IRREGULAR,1,CHICO,NO,-99.1429079999,19.5494169145
131,GUSTAVO A. MADERO,FERROPLAZA,410,144,2154135.76512,487807.99446,"CALLE ALBERTO HERRERA, ENTRE 5 DE FEBERO Y JUAN BERNARDINO",ARAGÓN LA VILLA,TRADICIONAL,4077,2011,9,N/D,N/D,RECTANGULO,1,MEDIANO,NO,-99.1161769999,19.4817339147
135,GUSTAVO A. MADERO,LINDAVISTA VALLEJO PATERA,-366,86,2156289.89128,483963.20361,AV. PONIENTE 152 ENTRE AV. 100MTS. Y VALLEJO,LINDAVISTA VALLEJO,TRADICIONAL,3728,1984,36,N/D,N/D,RECTANGULO,1,CHICO,NO,-99.152832,19.5011739146
174,IZTACALCO,IZTACALCO,38,102,2143947.65435,487226.65067,"CALZ. DE LA VIGA ESQ. TEZONLE, ENTRE AV. SAN MIGUEL",BARRIO LA ASUNCIÓN,TRADICIONAL,1373,1982,38,N/D,N/D,CUADRO,1,CHICO,NO,-99.1216479999,19.389657915
169,IZTACALCO,AGRICOLA ORIENTAL,87,344,2144562.20731,492095.89076,"ORIENTE 237, SUR 16 Y SUR 12 ROJO GOMEZ",AGRÍCOLA ORIENTAL,TRADICIONAL,4085,1964,56,N/D,N/D,CUADRO,2,MEDIANO,NO,-99.075278,19.395236915
179,IZTACALCO,MILITAR MARTE,-109,158,2143215.19647,486233.60846,PLAYA AZUL Y PLAYA TABACHINES,MILITAR MARTE,TRADICIONAL,2649,1963,57,N/D,N/D,CUADRO,1,CHICO,NO,-99.1310999999,19.383031915
180,IZTACALCO,PANTITLAN CALLE 4,118,271,2146323.25178,493468.33766,"CALLE 4, ENTRE AV. NORTE Y PRIV. DE LA ESCUELA",PANTITLÁN,TRADICIONAL,4812,1971,49,N/D,N/D,CUADRO,1,MEDIANO,NO,-99.062213,19.4111569149
176,IZTACALCO,JUVENTINO ROSAS,134,208,2144356.98623,488862.10912,"SUR 117B ESQ. AV. DEL RECREO, ENTRE 117B Y 117",JUVENTINO ROSAS,TRADICIONAL,4093,1964,56,N/D,N/D,RECTANGULO,1,MEDIANO,NO,-99.1060749999,19.3933669149
171,IZTACALCO,BRAMADERO,135,278,2144099.9115,490052.14596,"SUR 163, OTE. 108 Y OTE. 110",RAMOS MILLAS,TRADICIONAL,3535,1961,59,N/D,N/D,RECTANGULO,1,MEDIANO,NO,-99.0947399999,19.3910499149
183,IZTACALCO,TLACOTAL,139,273,2144590.03065,489211.68882,"AV. 5, OTE. 100, ENTRE SUR 125 Y AV. 5",RAMOS MILLAN,TRADICIONAL,4216,1961,59,N/D,N/D,CUADRO,1,MEDIANO,NO,-99.1027469999,19.395474915
177,IZTACALCO,LA CRUZ,147,249,2145350.41978,487677.33153,CALZ. COYUYA Y AV. HIDALGO,DE LA CRUZ,TRADICIONAL,3625,1962,58,N/D,N/D,RECTANGULO,1,MEDIANO,NO,-99.1173649999,19.4023379149
184,IZTACALCO,VEINTICUATRO DE DICIEMBRE,198,203,2145390.42392,493856.05951,"CALLE 7, ENTRE AV. PUEBLA Y PRIV. DEL VALLE",PANTITLÁN,TRADICIONAL,4655,1974,46,N/D,N/D,CUADRO,1,MEDIANO,NO,-99.058517,19.4027279149
182,IZTACALCO,SANTA ANITA,202,117,2144927.52295,486413.9293,"AV. ANDRES MOLINA ENRIQUEZ,  ENTRE SANTA ANITA Y PLUTARCO ELIAS CALLES",VIADUCTO PIEDAD,TRADICIONAL,1986,1964,56,N/D,N/D,CUADRO,1,CHICO,NO,-99.1293949999,19.3985079149
170,IZTACALCO,APATLACO,206,131,2143171.14931,487464.04977,AV. APATLACO S/N. ENTRE GALEANA Y LA VIGA,BENITO JUÁREZ,TRADICIONAL,2091,1967,53,N/D,N/D,RECTANGULO,1,CHICO,NO,-99.119382,19.382641915
178,IZTACALCO,LEANDRO VALLE,212,197,2143819.92508,492960.47902,"ORIENTE 253, ENTRE  SUR 20 Y SUR 22",AMP. AGRICOLA ORIENTAL,TRADICIONAL,3912,1967,53,N/D,N/D,CUADRO,1,CHICO,NO,-99.0670409999,19.388531915
173,IZTACALCO,EL RODEO,255,68,2144198.4358,491028.71071,ERNESTO P. URUCHURTU Y CALLE 28,EL RODEO,TRADICIONAL,1007,1965,55,N/D,N/D,RECTANGULO,1,CHICO,NO,-99.08544,19.391944915
172,IZTACALCO,EJIDOS DE LA MAGDALENA MIXHUCA,334,104,2144231.3893,490632.87346,HORTALIZA Y TRIGO S/N  ENTRE THE Y OTE. 106,EJIDO MAGDALENA MIXIHUCA,TRADICIONAL,3665,1973,47,N/D,N/D,RECTANGULO,1,CHICO,NO,-99.0892099999,19.392240915
181,IZTACALCO,SAN MIGUEL IZTACALCO,345,90,2144410.4323,487994.63206,"EJE 3 OTE. FCO DEL PASO Y TRONCOSO ESQ. JULIO GARCIA, ENTRE RECREO Y BUSTAMANTE",BARRIO SAN MIGUEL,TRADICIONAL,1696,1979,41,N/D,N/D,RECTANGULO,1,CHICO,NO,-99.1143369999,19.393844915
175,IZTACALCO,JOSE LOPEZ PORTILLO,352,352,2146386.34647,492824.25665,"AV. CENTRAL, ENTRE AV. NORTE Y EJE UNO NORTE",PANTITLÁN,TRADICIONAL,2154,1988,32,N/D,N/D,RECTANGULO,1,CHICO,NO,-99.0683479999,19.4117249149
190,IZTAPALAPA,IZTAPALAPA,39,200,2140702.57473,490415.02158,"AYUNTAMIENTO E HIDALGO, ENTRE CUAUHTEMOC Y LERDO",BARRIO SAN PABLO,TRADICIONAL,2080,1958,62,N/D,N/D,CUADRO,1,CHICO,NO,-99.0912669999,19.3603489151
201,IZTAPALAPA,SANTA MARIA AZTAHUACAN,63,106,2139523.86626,497556.20697,"AV. PALMAS No 17, ENTRE EJIDOS Y PRIMAVERA E HIDALGO",PUEBLO STA. MARIA,TRADICIONAL,2869,1964,56,N/D,N/D,CUADRO,1,CHICO,NO,-99.023268,19.3497179151
195,IZTAPALAPA,SAN ANDRES TETEPILCO,120,207,2142039.87674,486336.88987,"HUELTACO Y NORMANDIA, ENTRE A. MOLINA ENRIQUEZ Y EMILIANO CARRAZA",SAN ANDRÉS TETEPILCO,TRADICIONAL,3378,1963,57,N/D,N/D,RECTANGULO,1,MEDIANO,NO,-99.1301079999,19.372410915
202,IZTAPALAPA,SECTOR POPULAR,128,221,2141622.78993,487461.29919,"SUR 101A ESQ. ALFONSO TORO, ENTRE RIO CHURUBUSCO Y SUR 101",SECTOR POPULAR,TRADICIONAL,3775,1965,55,N/D,N/D,CUADRO,1,MEDIANO,NO,-99.119398,19.368648915
194,IZTAPALAPA,PROGRESO DEL SUR,129,135,2139613.30884,488516.80558,"SILOS Y GANADEROS, ENTRE GRANJEROS Y GANADEROS",PROGRESO DEL SUR,TRADICIONAL,2849,1965,55,N/D,N/D,CUADRO,1,CHICO,NO,-99.1093349999,19.3504949151
187,IZTAPALAPA,ESCUADRON 201,131,306,2140938.32671,488238.81527,"RODOLFO USIGLI, ENTRE JOSE ESPINOZA FUENTES Y FAUSTO VEGA",ESCUADRON 201,TRADICIONAL,3393,1961,59,N/D,N/D,CUADRO,1,MEDIANO,NO,-99.1119899999,19.3624679151
186,IZTAPALAPA,CULHUACAN,186,109,2138203.32359,488605.2999,"AV. TLAHUAC ESQ. AGUSTIN DE ITURVIDE, ENTRE INDEPENDENCIA Y CAL. TAZQ.",PUEBLO CULHUACAN,TRADICIONAL,1380,1968,52,N/D,N/D,RECTANGULO,1,CHICO,NO,-99.1084839999,19.3377529152
197,IZTAPALAPA,SAN JUANICO,-191,108,2142181.17104,487420.05335,"DIBUJANTE S/N ESQ. SAN JUANICO, ENTRE VICENTE GUERRERO",SAN JUANICO NEXTIPAN,TRADICIONAL,667,1965,55,N/D,N/D,CUADRO,1,CHICO,NO,-99.1197944444,19.373694915
200,IZTAPALAPA,SANTA CRUZ MEYEHUALCO,200,146,2139120.07925,495373.72559,CALLE 55 S/N. ENTRE CALLE 4 Y CALLE 6,STA. CRUZ MEYEHUALCO,TRADICIONAL,4570,1953,67,N/D,N/D,CUADRO,1,CHICO,NO,-99.0440469999,19.3460649151
199,IZTAPALAPA,SAN LORENZO XICOTENCATL,208,105,2143248.25885,497144.03291,"ZACANI Y TRINIDAD, ENTRE ZACANI Y JUSTINA",SAN LORENZO XICOTENCATL,TRADICIONAL,2143,1966,54,N/D,N/D,CUADRO,1,CHICO,NO,-99.027198,19.383375915
193,IZTAPALAPA,LA PURISIMA,213,121,2140061.93364,492189.08194,AV. HIDALGO ESQ. QUETZAL,LA PURISIMA,TRADICIONAL,8037,1966,54,N/D,N/D,CUADRO,1,CHICO,NO,-99.074372,19.3545669151
203,IZTAPALAPA,SIFON,223,156,2142607.21211,488371.68527,AV. ROSAL Y SANTA MARIA,MAGDALENA ATLAZOPA,TRADICIONAL,6580,1970,50,N/D,N/D,RECTANGULO,1,CHICO,NO,-99.1107349999,19.377550915
198,IZTAPALAPA,SAN LORENZO TEZONCO,226,196,2135200.3363,492441.43152,"DESPOSORIOS Y CANDELABROS, ENTRE  FCO JAVIER SALAZAR Y ECHAVE RIOJA",PUEBLO DE SAN LORENZO TEZONCO,TRADICIONAL,7966,1970,50,N/D,N/D,RECTANGULO,1,CHICO,NO,-99.07195,19.3106319152
192,IZTAPALAPA,JUAN DE LA BARRERA,230,174,2144224.58027,495369.672,"CORONEL BENITO S. ZENEA, ENTRE PABLO GARCIA Y JUAN ENRIQUEZ",JUAN ESCUTIA,TRADICIONAL,4865,1969,51,N/D,N/D,CUADRO,1,CHICO,NO,-99.044098,19.3921959149
189,IZTAPALAPA,GUADALUPE DEL MORAL,239,118,2141896.86768,491963.98558,"AGUSTIN MELGAR, ENTRE HIDALGO Y GUERRERO",GUADALUPE DEL MORAL,TRADICIONAL,2913,1969,51,N/D,N/D,CUADRO,1,CHICO,NO,-99.076523,19.371148915
185,IZTAPALAPA,CONSTITUYENTES DE 1917,243,184,2139413.90065,493759.40356,"PERIFERICO S/N, ENTRE CANDICO AGUILAR Y ANTONIO HIDALGO",CONSTITUCIÓN DE 1917,TRADICIONAL,5498,1971,49,N/D,N/D,CUADRO,1,CHICO,NO,-99.0594179999,19.3487159151
196,IZTAPALAPA,SAN JOSE ACULCO,246,121,2142315.01109,489214.74519,"CHURUBUSCO Y VERACRUZ, ENTRE CDA. DE VERACRUZ Y RIO CHURUBUSCO",ACULCO PUEBLO,TRADICIONAL,6693,1972,48,N/D,N/D,CIRCULO,2,CHICO,NO,-99.1027049999,19.374914915
188,IZTAPALAPA,FRANCISCO VILLA,291,104,2138154.31799,493850.7724,FELIPE ANGELES Y RODOLFO PRIETO,FRANCISCO VILLA,TRADICIONAL,2182,1976,44,N/D,N/D,RECTANGULO,1,CHICO,NO,-99.058544,19.3373329152
191,IZTAPALAPA,JACARANDAS,294,86,2139233.14935,494628.56807,MANLIO FABIO ALTAMIRANO ENTRE GUILLERMO GONZALEZ CAMARENA,JACARANDAS,TRADICIONAL,1713,1987,33,N/D,N/D,CUADRO,1,CHICO,NO,-99.0511419999,19.3470849151
207,MAGDALENA CONTRERAS,MAGDALENA CONTRERAS (LA LOMA),132,90,2134642.7327,474856.17385,JOSE MORENO SALIDO S/N. ENTRE PROVIDENCIA Y FRESNO,BARRANCA SECA,TRADICIONAL,1387,1961,59,N/D,N/D,CUADRO,1,CHICO,NO,-99.2393359999,19.3054499152
209,MAGDALENA CONTRERAS,TURISTICO MAGDALENA,170,39,2134320.28826,474147.3146,EMILIO CARRANZA S/N. ANDADOR EL ROSAL Y EMILIO CARRANZA,PUEBLO DE LA MAGDALENA,TURISTICO Y ESPECIALIZADO,2227,1960,60,COMIDA PREPARADA Y OTROS,COMIDA PREPARADA,IRREGULAR,1,CHICO,SI,-99.2460789999,19.3025269153
208,MAGDALENA CONTRERAS,TIHUATLAN,261,38,2136039.64403,476315.13544,TIHUATLAN S/N. ENTRE PAPALOAPAN Y 19 DE AGOSTO,SAN JERONIMO ACULCO,TRADICIONAL,813,1970,50,N/D,N/D,CUADRO,1,CHICO,NO,-99.2254659999,19.3180919152
205,MAGDALENA CONTRERAS,CERRO DEL JUDIO,-383,91,2136087.01363,474192.36868,"INDEPENDENCIA ESQ, SAN BERNABE",BARRIOS SIERRA,TRADICIONAL,1311,1985,35,N/D,N/D,RECTANGULO,2,CHICO,NO,-99.2456739999,19.3184939152
206,MAGDALENA CONTRERAS,CONTRERAS LA CRUZ,384,96,2134645.47776,475357.30069,ALVARO OBREGON S/N. ENTRE ALVARO OBREGON Y CAMINO REALLOS POLLITOS,LA CRUZ BARRIO DE LA CONCEPCION,TRADICIONAL,1601,1985,35,N/D,N/D,RECTANGULO,2,CHICO,NO,-99.2345659999,19.3054809152
229,MILPA ALTA,BENITO JUAREZ (MILPA ALTA),40,207,2122014.97109,497754.97195,"YUCATAN ESQ. CONSTITUCION, ENTRE CONSTITUCION , MICHOACAN Y QUERETARO",VILLA MILPA ALTA,TRADICIONAL,2558,1961,59,N/D,N/D,RECTANGULO,1,MEDIANO,NO,-99.021355,19.1914829156
234,MILPA ALTA,SAN PEDRO ATOCPAN,182,20,2123121.65564,494712.96498,"FCO. I. MADERO, ENTRE TEUTLI Y V. CARRANZA",PUEBLO SAN ATOCPAN,TRADICIONAL,648,1970,50,N/D,N/D,CUADRO,2,CHICO,NO,-99.050294,19.2014789155
235,MILPA ALTA,SAN SALVADOR CUAUHTENCO (DOCE DE OCTUBRE,244,23,2122094.92628,490589.94757,"AV. MORELOS S/N , ENTRE JALAPA Y GUERRERO",PUEBLO SAN SALVADOR CUAUHTENCO,TRADICIONAL,303,1973,47,N/D,N/D,RECTANGULO,1,CHICO,NO,-99.0895099999,19.1921849156
231,MILPA ALTA,SAN ANTONIO TECOMITL,322,83,2124869.4213,501093.90609,AV. MORELOS Y 5 DE MAYO,PUEBLO SAN ANTONIO,TRADICIONAL,3118,1968,52,N/D,N/D,CUADRO,1,CHICO,NO,-98.989593,19.2172809155
233,MILPA ALTA,SAN PABLO OZTOTEPEC,323,74,2121276.12262,492491.28285,"GUERRERO, ENTRE HIDALGO Y GALEANA",PUEBLO SAN PABLO,TRADICIONAL,6447,1977,43,N/D,N/D,RECTANGULO,1,CHICO,NO,-99.071421,19.1847929156
236,MILPA ALTA,SANTA ANA TLACOTENCO,382,19,2120313.70141,500183.88754,CUAUHTEMOC Y FRANCISCO I. MADERO,PUEBLO SANTA ANA TLACOTENCO,TRADICIONAL,960,0,2020,N/D,N/D,RECTANGULO,1,CHICO,NO,-98.998251,19.1761089157
237,MILPA ALTA,VILLA MILPA ALTA (MERCADO ANTOJITOS),394,23,2122056.24334,497756.86932,QUERETARO Y YUCATAN,VILLA MILPA ALTA,ESPECIALIZADO,600,1961,59,COMIDA PREPARADA Y OTROS,COMIDA PREPARADA,RECTANGULO,1,CHICO,NO,-99.021337,19.1918559156
230,MILPA ALTA,BENITO JUAREZ  (ANEXO),395,207,2122090.10205,497758.66065,"AV. YUCATAN ESQ. MICHOACAN S/N, ENTRE JALISCO Y MICHOACAN",VILLA MILPA ALTA,TRADICIONAL,2418,1961,59,N/D,N/D,RECTANGULO,1,MEDIANO,NO,-99.02132,19.1921619156
232,MILPA ALTA,SAN BARTOLOME XICOMULCO,408,61,2123552.72692,492627.926441,"AV. 5 DE MAYO ORIENTE, ENTRE MATAMOROS Y PROLONGACIÓN IGNACIO ZARAGOZA",PUEBLO SAN ANTONIO TECOMITL,TRADICIONAL,1762,0,2020,N/D,N/D,CUADRO,1,CHICO,NO,-99.0701299963,19.2053682006
14,ÁLVARO OBREGÓN,SANTA MARIA NONOALCO,31,106,2142853.93076,479732.7356,ALEJANDRO ALLORI Y FRANCISCO GIRARDON,SANTA MARÍA NONOALCO,TRADICIONAL,1616,1962,58,N/D,N/D,IRREGULAR,1,CHICO,NO,-99.1930049999,19.379711915
7,ÁLVARO OBREGÓN,MELCHOR MUZQUIZ ZONA,43,327,2138793.54678,479914.31945,"AV. REVOLUCION, ENTRE DR. ELGUERO Y MELCHOR MUSQUIZ",SAN ANGEL,TRADICIONAL,4767,1958,62,N/D,N/D,RECTANGULO,1,MEDIANO,SI,-99.1912329999,19.3430189151
15,ÁLVARO OBREGÓN,SEIS DE ENERO DE 1915,48,116,2142025.72952,479019.70822,"AV. DEL ROSAL, ENTRE ROSA ROJA Y ROSA NEGRA",MOLINO DE ROSAS,TRADICIONAL,3136,1949,71,N/D,N/D,RECTANGULO,1,CHICO,NO,-99.1997859999,19.372219915
16,ÁLVARO OBREGÓN,TIZAPAN,67,128,2138610.75374,479221.10294,FRONTERA Y SAN LUIS POTOSI,PROGRESO TIZAPAN,TRADICIONAL,1536,1958,62,COMIDA PREPARADA Y OTROS,COMIDA PREPARADA,RECTANGULO,1,CHICO,SI,-99.1978309999,19.3413599151
5,ÁLVARO OBREGÓN,JOSE MARIA PINO SUAREZ,82,200,2144831.78616,479207.75238,"JILGUERO Y GOLONDRINAS, ENTRE RIO TACUBAYA Y FABRICA",JOSE MARÌA PINO SUAREZ,TRADICIONAL,3129,1968,52,N/D,N/D,CUADRO,2,CHICO,SI,-99.1980259999,19.397580915
8,ÁLVARO OBREGÓN,MELCHOR MUZQUIZ (FLORES),133,34,2139254.94146,480038.7653,"AV. REVOLUCION, ENTRE AV. DE LA PAZ Y CRACOVIA",SAN ANGEL,ESPECIALIZADO,1043,1958,62,"PLANTAS, FLORES Y PECES DE ORNATO",FLORES,RECTANGULO,1,CHICO,SI,-99.1900529999,19.3471899151
13,ÁLVARO OBREGÓN,SANTA FE,162,177,2143106.38299,474754.16044,"VASCO DE QUIROGA, ENTRE CORREGIDORA Y PRIMAVERA",SANTA FE CASCO,TRADICIONAL,1297,1984,36,N/D,N/D,RECTANGULO,2,CHICO,NO,-99.2404189999,19.381936915
6,ÁLVARO OBREGÓN,MARIA G. GARCIA DE RUIZ,163,97,2143937.83496,477795.16761,"CAMINO ANT. A SANTA FE, ENTRE AUSTRIACOS Y ALEMANES",PARAISO,TRADICIONAL,1810,1964,56,N/D,N/D,RECTANGULO,1,CHICO,NO,-99.2114689999,19.389486915
3,ÁLVARO OBREGÓN,CRISTO REY,173,118,2143987.11401,478779.001,"ESCUADRÓN 201,ENTRE JAVIER MARTINEZ Y CAMINO REAL A TOLUCA",CRISTO REY,TRADICIONAL,2269,1961,59,N/D,N/D,RECTANGULO,1,CHICO,NO,-99.2020999999,19.389942915
10,ÁLVARO OBREGÓN,OLIVAR DEL CONDE,181,188,2142005.39165,477523.12351,"AGUSTIN LARA, ENTRE ERNESTO P. URUCHURTO Y AV. SANTA LUCIA",OLIVAR DEL CONDE,TRADICIONAL,3834,1970,50,N/D,N/D,CUADRO,1,CHICO,NO,-99.2140369999,19.372019915
11,ÁLVARO OBREGÓN,PANTEON JARDIN (FLORES),234,14,2139341.64508,478157.35633,CLZDA. DEL DESIERTO DE LOS LEONES Y FLOR DE MARIA,FLOR DE MARIA,ESPECIALIZADO,188,1956,64,"PLANTAS, FLORES Y PECES DE ORNATO",FLORES,IRREGULAR,1,CHICO,NO,-99.2079669999,19.3479539151
12,ÁLVARO OBREGÓN,PUENTE COLORADO,266,43,2139257.38552,475673.91467,RIO CHICO Y  RIO NAZAS,PUENTE COLORADO,TRADICIONAL,670,1974,46,N/D,N/D,RECTANGULO,1,CHICO,NO,-99.2316109999,19.3471639151
2,ÁLVARO OBREGÓN,CORPUS CRISTY,279,87,2140823.62119,473883.50472,"SAN LUIS Y SAN FRANCISCO, ENTRE PROL. SANTA FE Y LA PAZ",CORPUS CRISTY,TRADICIONAL,1830,1975,45,N/D,N/D,CUADRO,1,CHICO,NO,-99.2486789998,19.361295915
9,ÁLVARO OBREGÓN,MOLINO DE SANTO DOMINGO,369,94,2144480.9679,478120.59866,AV. SANTA LUCIA ENTRE BALBINA Y SAN MARTIN CABALLERO,MOLINO DE SANTO DOMINGO,TRADICIONAL,2191,1979,41,N/D,N/D,RECTANGULO,1,CHICO,NO,-99.2083759999,19.3943989149
1,ÁLVARO OBREGÓN,CENTENARIO,407,86,2140744.6385,476115.73897,AV. CENTENARIO 1020 ESQ. JOSE GALVEZ MOYA,LA MARTINICA,TRADICIONAL,1360,2006,14,N/D,N/D,RECTANGULO,1,CHICO,NO,-99.2274229999,19.360609915
4,ÁLVARO OBREGÓN,JALALPA EL GRANDE,413,61,2141601.94383,474357.51695,"AV. JALALPA NORTE S/N, ESQ. COLIPA",JALALPA,TRADICIONAL,1217,2012,8,N/D,N/D,IRREGULAR,1,CHICO,NO,-99.2441759999,19.368335915
241,TLÁHUAC,CENTRAL DE TLAHUAC,41,148,2130545.00251,499495.72165,AV. TLAHUAC-CHALCO S/N. ENTRE EMILIANO ZAPATA Y SEVERIANO CENICEROS,SAN PEDRO TLAHUAC,TRADICIONAL,2609,1959,61,COMIDA PREPARADA Y OTROS,Comida,IRREGULAR,1,CHICO,NO,-99.004799,19.2685739154
247,TLÁHUAC,MIXQUIC,178,102,2125599.5686,504013.45691,"AV. INDEPENDENCIA, 20 DE NOVIEMBRE Y CANAL SECO",SAN ANDRES MIXQUIC,TURISTICO Y ESPECIALIZADO,3609,1984,36,COMIDA PREPARADA Y OTROS,COMIDA PREPARADA,RECTANGULO,1,CHICO,NO,-98.961816,19.2238759155
249,TLÁHUAC,SAN JUAN IXTAYOPAN,179,79,2127826.97499,500522.95534,VICENE GUERRERO Y EMILIANO ZAPATA,SAN JUAN IXTAYOPAN,TRADICIONAL,2523,1987,33,N/D,N/D,IRREGULAR,1,CHICO,NO,-98.995024,19.2440099155
256,TLÁHUAC,ZAPOTITLAN,192,67,2133452.32036,496145.96908,FRANCISCO JIMENEZ ENTRE EMILIANO APATA Y AV. TLAHUAC,LA CONCHITA ZAPOTITLAN,TRADICIONAL,1535,1976,44,N/D,N/D,RECTANGULO,1,CHICO,NO,-99.036683,19.2948449153
254,TLÁHUAC,TLALTENCO (SAN FRANCISCO),211,117,2133549.46348,498438.13989,CARLOS A. VIDAL ENTRE PLAN DE AYUTLA Y QUINTANA ROO,SAN FCO. TLALTENCO,TRADICIONAL,1616,1985,35,N/D,N/D,RECTANGULO,1,CHICO,NO,-99.014866,19.2957259153
251,TLÁHUAC,SANTA CECILIA,248,61,2131634.80852,499381.4317,CALLE CARLOS ESPINOSA DE LOS MONTEROSY MERCEDES CARAZA,SANTA CECILIA,TRADICIONAL,1333,1974,46,N/D,N/D,CUADRO,1,CHICO,NO,-99.005887,19.2784229153
238,TLÁHUAC,ABRAHAM DEL LLANO (NOPALERA),252,87,2133645.66862,494303.74698,"AMADO NERVO, EMILIANO ZAPATA E INDEPENDENCIA",LA NOPALERA,TRADICIONAL,2435,1980,40,N/D,N/D,RECTANGULO,1,CHICO,NO,-99.054218,19.2965879153
245,TLÁHUAC,LOS OLIVOS,253,94,2133671.38155,493516.73616,JOSE LUGO Y RUIZ CORTINEZ,LOS OLIVOS,TRADICIONAL,2500,1987,33,N/D,N/D,CUADRO,1,CHICO,NO,-99.061709,19.2968179152
246,TLÁHUAC,MIGUEL HIDALGO,254,48,2133300.74925,495132.59444,FCO. I. MADERO Y LUCAS MARENCIO,MIGUEL HIDALGO,TRADICIONAL,1665,1972,48,N/D,N/D,CUADRO,1,CHICO,NO,-99.046328,19.2934729153
239,TLÁHUAC,AGRICOLA METROPOLITANA (FELIPE ASTORGA OCHOA),356,44,2132894.85883,494434.00469,"CALLE ZOYATE , ENTRE NARDO Y VIOLETA",AGRICOLA METROPOLITANA,TRADICIONAL,1038,1983,37,N/D,N/D,RECTANGULO,1,CHICO,NO,-99.052976,19.2898029153
250,TLÁHUAC,SANTA CATARINA,358,51,2135450.62234,503541.07942,"PIPILA, ENTRE EMILIANO ZAPATA Y CONCEPCION",SANTA CATARINA YECAHUIZOTL,TRADICIONAL,942,1981,39,N/D,N/D,RECTANGULO,1,CHICO,NO,-98.966292,19.3129049152
242,TLÁHUAC,DEL MAR,359,111,2132596.44734,493707.36752,"TIBURON , CAMARON Y SIRENA",DEL MAR,TRADICIONAL,2861,1975,45,N/D,N/D,RECTANGULO,1,CHICO,NO,-99.059891,19.2871039153
248,TLÁHUAC,SAN JOSE,371,48,2131352.64231,500411.78982,AGUSTIN LARA S/N. ENTRE JUVENTINO ROSAS Y GUADALUPE TRIGO,SAN JOSE,TRADICIONAL,2101,1982,38,N/D,N/D,RECTANGULO,1,CHICO,NO,-98.996081,19.2758729153
252,TLÁHUAC,SELENE,372,112,2132792.66303,499372.43523,"OCEANO DE LAS TEMPESTADES, MAR DE LAS CRISIS Y MONTES APENINOS",SELENE,TRADICIONAL,2202,1979,41,N/D,N/D,RECTANGULO,1,CHICO,NO,-99.005973,19.2888869153
243,MILPA ALTA,EMILIANO ZAPATA (TETELCO),373,24,2123961.66113,503140.07734,AV. MORELOS Y PUEBLA,SAN NICOLAS TETELCO,TRADICIONAL,788,1981,39,N/D,N/D,RECTANGULO,1,CHICO,NO,-98.970128,19.2090749155
255,TLÁHUAC,ZAPOTITLA,374,104,2135425.49121,495989.33431,SALVADOR DIAZ MIRON ESQ. CECILIO ACOSTA,ZAPOTITLA,TRADICIONAL,2058,1980,40,N/D,N/D,RECTANGULO,1,CHICO,NO,-99.0381779999,19.3126769152
240,TLÁHUAC,AMPLIACION SELENE,1001,71,2132348.61631,500523.56126,MAR DE LOS VAPORES,AMPLIACION SELENE,TRADICIONAL,1395,1984,36,N/D,N/D,RECTANGULO,1,CHICO,NO,-98.995017,19.2848739153
253,TLÁHUAC,TIPICO REGIONAL,1002,26,2130545.33456,499492.14894,CALZ. TULYEHUALCO Y AV. GRAL. SEVERIANO CENICEROS,SAN PEDRO TLAHUAC,ESPECIALIZADO,760,1981,39,COMIDA PREPARADA Y OTROS,COMIDA PREPARADA,CUADRO,1,CHICO,NO,-99.004833,19.2685769154
265,TLALPAN,LA PAZ,42,141,2132701.74428,482442.99068,PLAZA DE LA CONSTITUCION S/N. ENTRE GPE. VICTORIA Y CONGRESO,TLALPAN,TRADICIONAL Y TURISTICO,2243,1900,120,N/D,N/D,CUADRO,1,CHICO,SI,-99.1671019999,19.2879889152
258,TLALPAN,COMIDAS HUIPULCO,251,23,2134308.43735,484613.15923,"TLALPAN, SAN LORENZO Y ACUEDUCTO",HUIPULCO,ESPECIALIZADO,860,1988,32,COMIDA PREPARADA Y OTROS,COMIDA PREPARADA,RECTANGULO,1,CHICO,NO,-99.14646,19.3025269152
276,TLALPAN,VILLA COAPA,263,167,2133147.07293,486673.7679,AV. CANAL DE MIRAMONTES S/N. ENTRE AV. ACOXPA Y CAPORAL,VILLA COAPA,TRADICIONAL,5910,1975,45,COMIDA PREPARADA Y OTROS,COMIDA PREPARADA,CUADRO,1,CHICO,NO,-99.126838,19.2920459152
266,TLALPAN,LAZARO CARDENAS,265,72,2133778.0966,485403.82509,"ACOXPA Y FEDERACION MEXICANA DE FUTBOL, ENTRE LAGUNAS Y NECAXA",LAZARO CARDENAS,TRADICIONAL,2063,1976,44,N/D,N/D,CUADRO,2,CHICO,NO,-99.1389299999,19.2977399153
261,TLALPAN,FUENTES BROTANTES,267,26,2132307.3412,480940.84141,PARQUE NACIONAL Y FUENTES BROTANTES,FUENTES BROTANTES,TURISTICO Y ESPECIALIZADO,1242,1975,45,COMIDA PREPARADA Y OTROS,COMIDA PREPARADA,IRREGULAR,1,CHICO,NO,-99.1813949999,19.2844109153
257,TLALPAN,ARTESANIAS VASCO DE QUIROGA,274,132,2133510.84872,480571.54155,INSURGENTES Y CAMINO A STA TERESA,PEÑA POBRE,ESPECIALIZADO,14901,1970,50,"MUEBLES, FERRETERÍA, JACIERÍA, MIMBRE, CESTERÍA, HERRAMIENTAS, ARTÍCULOS PARA COCINA, ARTÍCULOS ESOTÉRICOS",MUEBLES,IRREGULAR,3,CHICO,NO,-99.1849219999,19.2952839153
263,TLALPAN,ISIDRO FABELA,282,60,2134085.52709,481358.424,PRIMERA NORTE Y 4A PONIENTE,ISIDRO FABELA,TRADICIONAL,2219,1976,44,N/D,N/D,RECTANGULO,1,CHICO,NO,-99.1774379999,19.3004849152
270,TLALPAN,SAN ANDRES TOTOLTEPEC,285,51,2128666.71136,481891.792,16 DE SEPTIEMBRE S/N. ENTRE REFORMA Y RIVAPALACIO,SAN ANDRES TOTOLTEPEC,TRADICIONAL,1017,1975,45,N/D,N/D,RECTANGULO,1,CHICO,NO,-99.1723099999,19.2515179154
260,TLALPAN,FLORES SAN FERNANDO,286,76,2132891.58147,482952.53762,"CALZ. DE TALPAN , ENTRE SAN FRANCISCO Y ALLENDE",TLALPAN,ESPECIALIZADO,1870,1976,44,"PLANTAS, FLORES Y PECES DE ORNATO",FLORES,IRREGULAR,1,CHICO,NO,-99.162254,19.2897089152
246,TLALPAN,MIGUEL HIDALGO,289,72,2132668.43287,480593.23297,CORREGIDORA S/N Y MICHOACAN,MIGUEL HIDALGO,TRADICIONAL,1485,1972,48,N/D,N/D,CUADRO,1,CHICO,NO,-99.1847069999,19.2876709153
273,TLALPAN,TORRES DE PADIERNA,320,58,2132083.54657,476020.68026,"TIXPEHUATL TIXKOKOB, ENTRE SEYE Y SACALUM",ORRES DE PADIERNA,TRADICIONAL,882,1988,32,N/D,N/D,RECTANGULO,2,CHICO,NO,-99.2282194443,19.2823359153
271,TLALPAN,SAN NICOLAS TOTOLAPAN,350,32,2133144.19035,475162.4735,"KANTUNIL S/N. , ENTRE SINACHE Y CHEMAX",PEDREGAL DE SAN NICOLAS,TRADICIONAL,453,1982,38,N/D,N/D,CUADRO,1,CHICO,NO,-99.2364009999,19.2919109153
264,TLALPAN,JOSE MARIA MORELOS Y PAVON,391,56,2133782.58416,487557.16953,"CDA. DON REFUGIO Y CACAHUATALES, ENTRE TENORIOS Y CALZ. DEL HUESO",TENORIOS,TRADICIONAL,440,1986,34,N/D,N/D,RECTANGULO,1,CHICO,NO,-99.1184339999,19.2977949152
269,TLALPAN,PLAZA MEXICANA DEL SUR,392,79,2134089.86319,484656.88956,"ACOXPA C/ESQ. CALZ. DE TLALPAN, ENTRE ACOXPA Y CALZ. DE TLALPAN",SAN LORENZO HUIPULCO,TRADICIONAL,1658,2011,9,N/D,N/D,RECTANGULO,1,CHICO,NO,-99.146042,19.3005519153
262,TLALPAN,HUESO PERIFERICO,393,102,2133974.84925,489191.61937,"CALZADA DEL HUESO 1079, ENTRE FRESALES Y CANAL NACIONAL",GRANJAS COAPA,TRADICIONAL,2227,1986,34,COMIDA PREPARADA Y OTROS,COMIDA PREPARADA,RECTANGULO,1,CHICO,NO,-99.1028779999,19.2995419152
204,IZTAPALAPA,VEINTICUATRO DE FEBRERO,316,124,2131231.92554,476307.62262,10 DE AGOSTO DE 1860 Y 24 DE ABRIL ENTRE BATALLA DE PASO OVEJAS,LEYES DE REFORMA,TRADICIONAL,2892,1984,36,N/D,N/D,CUADRO,1,CHICO,NO,-99.2254779999,19.2746429153
259,TLALPAN,DR. Y GRAL JOSE GONZALEZ VARELA,256,58,2130193.39065,482206.97739,"CALLE DEL ROSAL, ENTRE 5 DE MAYO Y AZUCENA",SAN PEDRO MARTIR,TRADICIONAL,4038,1974,46,N/D,N/D,CUADRO,1,CHICO,NO,-99.1693249999,19.2653179154
272,TLALPAN,TLALCOLIGIA,406,70,2131274.26508,481950.91012,TEPEHUANOS Y OTOMIES,TLALCOLIGIA,TRADICIONAL,915,1986,34,N/D,N/D,CUADRO,2,CHICO,NO,-99.171772,19.2750839154
268,TLALPAN,MIRADOR,1011,90,2133480.5739,476240.4676,"POPOLNAH ESQ. BEKAL, ENTRE BEKAL Y TEKIT",LOMAS DE PADIERNA,TRADICIONAL,2421,1976,44,N/D,N/D,CUADRO,1,CHICO,NO,-99.2261449999,19.2949639153
275,TLALPAN,VEINTIUNO DE ABRIL,1012,65,2130852.83406,476477.04296,"HOPELCHE, XITLE E IZAMAL",RINCON DEL MIRADOR,TRADICIONAL,1218,1988,32,N/D,N/D,CUADRO,1,CHICO,NO,-99.2238609999,19.2712189153
329,XOCHIMILCO,XOCHIMILCO ZONA (XOCHITL),44,447,2129858.25124,489066.02018,"AV.MORELOS , ENTRE FCO. I MADERO Y 16 DE SEPTIEMBRE",XOCHIMILCO,TRADICIONAL,9175,1957,63,COMIDA PREPARADA Y OTROS,COMIDA Y CARNICOS,CUADRO,1,MEDIANO,NO,-99.1040499999,19.2623379154
323,XOCHIMILCO,NATIVITAS,115,296,2128562.38446,490092.09282,EMBARCADERO Y MERCADO,NATIVITAS,TURISTICO Y ESPECIALIZADO,3208,1960,60,"ARTESANÍA, JUGUETES, BISUTERÍA",ARTESANIAS Y COMIDA,RECTANGULO,1,MEDIANO,NO,-99.0942789999,19.2506319154
327,XOCHIMILCO,TULYEHUALCO,146,118,2129010.19607,498796.20873,ZARAGOZA Y DIVISION DEL NORTE,PUEBLO DE TULYEHUALCO,TRADICIONAL,1454,1982,38,N/D,N/D,CUADRO,1,CHICO,NO,-99.011455,19.2547029154
324,XOCHIMILCO,SAN GREGORIO ATLAPULCO,190,136,2129058.18137,493962.03737,"CUAUHTEMOC, INSURGENTES Y PLAZA PRINCIPAL",SAN GREGORIO ATLAPULCO,TRADICIONAL,1792,1986,34,N/D,N/D,CUADRO,1,CHICO,NO,-99.057456,19.2551279154
328,XOCHIMILCO,XOCHIMILCO ANEXO,377,968,2129705.23737,489038.29118,AV. MORELOS No 60 ESQ. 16 DE SEPT. ENTRE NETZAHUALCOYOTL Y FCO. I MADERO,XOCHIMILCO,TRADICIONAL,8437,1957,63,COMIDA PREPARADA Y OTROS,COMIDA Y PLANTAS,RECTANGULO,1,GRANDE,NO,-99.104313,19.2609549154
325,XOCHIMILCO,SANTA CRUZ ACALPIXCA,378,50,2128057.2798,492100.80203,AV. MEXICO Y PEDRO BENAVIDES,STA. CRUZ ACALPIXCA,TRADICIONAL,380,1986,34,N/D,N/D,RECTANGULO,1,CHICO,NO,-99.075163,19.2460759154
320,XOCHIMILCO,AMPLIACION SAN MARCOS,379,91,2130595.80666,488078.39676,TEPOZANES 56,AMP. SAN MARCOS NORTE,TRADICIONAL,1563,1986,34,N/D,N/D,CUADRO,2,CHICO,NO,-99.113453,19.2689979154
322,XOCHIMILCO,GUADALUPE I. RAMIREZ,380,25,2130052.19605,488926.69135,GUADALUPE I. RAMIREZ Y PEDRO RAMIREZ DEL CASTILLO,BARRIO SAN JUAN,ESPECIALIZADO,350,1979,41,COMIDA PREPARADA Y OTROS,COMIDA PREPARADA,RECTANGULO,1,CHICO,NO,-99.1053769999,19.2640899154
326,XOCHIMILCO,TIERRA NUEVA,-381,74,2130044.39211,487803.34952,18 DE MARZO Y AV. MEXICO,TIERRA NUEVA,TRADICIONAL,2573,1988,32,N/D,N/D,RECTANGULO,1,CHICO,NO,-99.116067,19.2640129154
321,XOCHIMILCO,AMPLIACION TEPEPAN,-382,60,2130304.86316,485959.13238,AV. LAS TORRES Y CAMINO REAL AL AJUSCO,AMPLIACION TEPEPAN,TRADICIONAL,1088,1988,32,N/D,N/D,RECTANGULO,1,CHICO,NO,-99.133619,19.2663549153
319,XOCHIMILCO,AHUALAPA,383,33,2128172.4808,492596.99889,"CUAUHTEMOC, INSURGENTES Y PLAZA PRINCIPAL",STA. CRUZ ACALPIXCA,TRADICIONAL,634,1979,41,N/D,N/D,RECTANGULO,1,CHICO,NO,-99.0704419999,19.2471189154
36,BENITO JUÁREZ,ALAMOS,27,269,2144941.57726,484876.36336,"BOLIVAR, ENTRE CADIZ, GALICIA Y SEGOVIA",ALAMOS,TRADICIONAL,4016,1966,54,N/D,N/D,CUADRO,1,MEDIANO,NO,-99.1440389999,19.3986239149
39,BENITO JUÁREZ,LAGO,29,103,2142964.98722,485414.56239,"ELISA, ENTRE DON JUAN Y DON LUIS",NATIVITAS,TRADICIONAL,1088,1947,73,N/D,N/D,RECTANGULO,2,CHICO,NO,-99.138898,19.380764915
43,BENITO JUÁREZ,PORTALES ZONA,30,599,2141965.19498,484928.80227,"CALZ. SANTA CRUZ, ENTRE 5 DE FEBRERO Y LIBERTAD",PORTALES,TRADICIONAL,8710,1957,63,COMIDA PREPARADA Y OTROS,COMIDA PREPARADA,CUADRO,1,MEDIANO,SI,-99.1435159999,19.371725915
51,BENITO JUÁREZ,VEINTICUATRO DE AGOSTO,47,265,2144001.93748,483455.2095,"ANAXAGORAS, ENTRE LUZ SAVIÑON Y TORRES ADALID",NARVARTE,TRADICIONAL,3998,1962,58,COMIDA PREPARADA Y OTROS,COMIDA PREPARADA,RECTANGULO,1,MEDIANO,NO,-99.1575659999,19.390120915
46,BENITO JUÁREZ,PRIMERO DE DICIEMBRE,49,244,2145005.61124,483765.34152,"YACATAS, UXMAL Y CDA. UXMAL",NARVARTE,TRADICIONAL,3346,1955,65,"ABARROTES, CARNÍCOS, PESCADOS Y MARISCOS, FRUTAS, VERDURAS, SEMILLAS Y DULCES",PESCADOS Y MARISCOS PREPARADOS,RECTANGULO,1,MEDIANO,NO,-99.1546209999,19.399193915
38,BENITO JUÁREZ,LA MODERNA,59,181,2144442.45944,485928.46597,"JORGE WASHINGTON S/N., ENTRE JESUS URUETA Y HORACIO NELSON",LA MODERNA,TRADICIONAL,2436,1963,57,N/D,N/D,CUADRO,1,CHICO,NO,-99.134015,19.394120915
41,BENITO JUÁREZ,MIXCOAC,76,476,2142100.86764,480196.58004,"AV. REVOLUCION, ENTRE TIZIANO Y MOLINOS",MIXCOAC,TRADICIONAL,8253,1953,67,"ABARROTES, CARNÍCOS, PESCADOS Y MARISCOS, FRUTAS, VERDURAS, SEMILLAS Y DULCES",PESCADOS Y MARISCOS PREPARADOS,RECTANGULO,1,MEDIANO,NO,-99.1885799999,19.372910915
40,BENITO JUÁREZ,LAZARO CARDENAS(DEL VALLE),90,440,2144613.7014,482550.36121,"PEDRO ROMERO DE TERREROS ESQ. ADOLFO PRIETO, ENTRE MIER Y PESADO Y AV. COYOACAN",DEL VALLE,TRADICIONAL,7687,1956,64,N/D,N/D,IRREGULAR,1,MEDIANO,NO,-99.1661889999,19.3956419149
47,BENITO JUÁREZ,SAN PEDRO DE LOS PINOS,97,192,2144195.61746,480730.28142,"AV. 2, ENTRE CALLE 7 Y CALLE 9",SAN PEDRO DE LOS PINOS,TRADICIONAL,5832,1957,63,"ABARROTES, CARNÍCOS, PESCADOS Y MARISCOS, FRUTAS, VERDURAS, SEMILLAS Y DULCES",PESCADOS Y MARISCOS PREPARADOS,CUADRO,1,CHICO,SI,-99.1835189999,19.3918469149
45,BENITO JUÁREZ,POSTAL ZONA,111,247,2143921.8224,484849.78635,"AHORRO POSTAL No 345, ENTRE CASTILLA Y TUY",AHORRO POSTAL,TRADICIONAL,2807,1958,62,N/D,N/D,RECTANGULO,1,MEDIANO,NO,-99.1442839999,19.389407915
44,BENITO JUÁREZ,POSTAL ANEXO,112,49,2143893.57,484892.81401,AHORRO POSTAL ENTRE CASTILLA Y LERIDA,AHORRO POSTAL,ESPECIALIZADO,821,1958,62,"ROPA, CALZADO Y TELAS",ROPA Y BONETERIA,CUADRO,1,CHICO,NO,-99.143874,19.3891529149
37,BENITO JUÁREZ,INDEPENDENCIA,113,226,2142892.07022,484221.49713,"ZEMPOALA, ENTRE ANGEL URRAZA Y SERAFIN OLARTE",INDEPENDENCIA,TRADICIONAL,2973,1958,62,N/D,N/D,RECTANGULO,1,MEDIANO,NO,-99.150259,19.380096915
49,BENITO JUÁREZ,SANTA MARIA NATIVITAS,119,97,2143780.12323,484532.03138,EJE CENTRALY AV. NIÑOS HEROES,NIÑOS HEROES DE CHAPULTEPEC,TRADICIONAL,1304,1962,58,N/D,N/D,CUADRO,1,CHICO,NO,-99.1473089999,19.388124915
50,BENITO JUÁREZ,TLACOQUEMECATL,122,109,2142553.95474,481706.18951,"PATRICIO SANZ, ENTRE MIGUEL LAURENT Y SAN FRANCISCO",DEL VALLE,TRADICIONAL,1671,1964,56,COMIDA PREPARADA Y OTROS,COMIDA PREPARADA,CUADRO,1,CHICO,NO,-99.1742089999,19.377019915
48,BENITO JUÁREZ,SANTA CRUZ ATOYAC,175,101,2141801.26955,483100.66476,"AV. CUAUHTEMOC, ENTRE CJON. MISERICORDIA Y TENAYUCA",SANTA CRUZ ATOYAC,TRADICIONAL,1778,1966,54,COMIDA PREPARADA Y OTROS,COMIDA PREPARADA,CUADRO,1,CHICO,NO,-99.1609229999,19.370229915
42,BENITO JUÁREZ,PORTALES ANEXO,201,125,2142078.00265,484865.57276,LIBERTAD Y MONTES DE OCA,PORTALES,ESPECIALIZADO,5122,1951,69,"MUEBLES, FERRETERÍA, JACIERÍA, MIMBRE, CESTERÍA, HERRAMIENTAS, ARTÍCULOS PARA COCINA, ARTÍCULOS ESOTÉRICOS",FERRETERIA Y ACCESORIOS PARA BAÑO,CUADRO,1,CHICO,SI,-99.144119,19.372744915
93,CUAUHTÉMOC,LAGUNILLA ROPA Y TELAS,1,1043,2149869.85126,485690.41945,"COMONFORT, ECUADOR Y ALLENDE",CENTRO,ESPECIALIZADO,16714,1957,63,"ROPA, CALZADO Y TELAS",ROPA Y TELAS,RECTANGULO,1,GRANDE,SI,-99.1363229999,19.4431679148
96,CUAUHTÉMOC,LAGUNILLA ZONA,2,573,2149964.87551,485865.37118,COMONFORT Y RAYON,CENTRO,TRADICIONAL,7388,1957,63,N/D,N/D,RECTANGULO,1,MEDIANO,SI,-99.1346569999,19.4440279148
95,CUAUHTÉMOC,LAGUNILLA VARIOS,3,344,2149723.81268,485660.1776,ALLENDE ESQ. JUAN ALVAREZ,CENTRO,ESPECIALIZADO,4625,1957,63,"MUEBLES, FERRETERÍA, JACIERÍA, MIMBRE, CESTERÍA, HERRAMIENTAS, ARTÍCULOS PARA COCINA, ARTÍCULOS ESOTÉRICOS","MUEBLES, CANDILES",RECTANGULO,2,MEDIANO,SI,-99.13661,19.4418479148
94,CUAUHTÉMOC,LAGUNILLA SAN CAMILITO,4,75,2149738.51183,485405.95388,"ECUADOR, HONDURAS, SAN CAMILITO",CENTRO,ESPECIALIZADO,3552,1957,63,COMIDA PREPARADA Y OTROS,COMIDA PREPARADA,RECTANGULO,1,CHICO,SI,-99.1390319999,19.4419789148
97,CUAUHTÉMOC,MARTINEZ DE LA TORRE (ANEXO),5,339,2150125.35422,484738.99132,ZARCO Y EJE 1 NORTE,GUERRERO,ESPECIALIZADO,5204,1957,63,"ROPA, CALZADO Y TELAS",ROPA,CUADRO,1,MEDIANO,NO,-99.1453889999,19.4454699148
107,CUAUHTÉMOC,SAN COSME,6,533,2149723.60443,482968.3436,"RIBERA DE SAN COSME Y GABINO BARREDA, ENTRE ALTAMIRANO Y ICAZBALETA",SAN RAFAEL,TRADICIONAL,7286,1963,57,COMIDA PREPARADA Y OTROS,"COMIDA, ROPA Y FLORES",CUADRO,2,MEDIANO,SI,-99.162254,19.4418249148
98,CUAUHTÉMOC,MARTINEZ DE LA TORRE (ZONA),7,600,2150096.7089,484853.90615,"EJE UNO NORTE MOSQUETA Y DEGOLLADO, ENTRE ZARCO Y SOTO",GUERRERO,TRADICIONAL,9921,1957,63,COMIDA PREPARADA Y OTROS,COMIDA PREPARADA,RECTANGULO,1,MEDIANO,NO,-99.144294,19.4452119148
91,CUAUHTÉMOC,JUAREZ,8,454,2147987.26568,483772.00514,"AV. CHAPULTEPEC,ENTRE TURIN Y ABRAHAM GONZALEZ",JUÁREZ,TRADICIONAL,6662,1957,63,COMIDA PREPARADA Y OTROS,COMIDA PREPARADA Y CARNICOS,IRREGULAR,1,MEDIANO,SI,-99.1545829999,19.4261399148
113,CUAUHTÉMOC,SAN LUCAS,9,254,2147852.88026,486237.34389,"ESCUELA MEDICO MILITAR, CJON. DEL HORMIGUERO Y CJON. DE SAN MGUEL",CENTRO,TRADICIONAL,2586,1956,64,COMIDA PREPARADA Y OTROS,COMIDA PREPARADA,CUADRO,2,MEDIANO,NO,-99.1310979999,19.4249439149
85,CUAUHTÉMOC,DOS DE ABRIL,10,128,2149344.69621,485134.49445,PENSADOR MEXICANO Y 2 DE ABRIL,CENTRO,TRADICIONAL,2137,1912,108,COMIDA PREPARADA Y OTROS,COMIDA PREPARADA,CUADRO,1,CHICO,SI,-99.1416149999,19.4384179148
89,CUAUHTÉMOC,INSURGENTES,13,225,2147788.5996,482627.43295,"LONDRES 154, ENTRE AMBERES Y FLORENCIA",JUÁREZ,TURISTICO Y ESPECIALIZADO,2096,1955,65,"ARTESANÍA, JUGUETES, BISUTERÍA",ARTESANIAS Y COMIDA,IRREGULAR,2,MEDIANO,NO,-99.1654839999,19.4243349149
117,CUAUHTÉMOC,TEPITO ZONA,14,522,2150228.76131,486621.75498,"TOLTECAS, BARTOLOME DE LAS CASAS Y MATAMOROS",MORELOS,TRADICIONAL,5009,1957,63,N/D,N/D,CUADRO,1,MEDIANO,NO,-99.1274529999,19.4464179148
80,CUAUHTÉMOC,ABELARDO L. RODRIGUEZ (ZONA),16,246,2149212.33859,486568.62127,"REP. DE VENEZUELA No 42, ENTRE RODRIGUEZ PUEBLA Y EL CARMEN",CENTRO,TRADICIONAL Y TURISTICO,12450,1933,87,N/D,N/D,CUADRO,2,MEDIANO,SI,-99.1279519999,19.4372319148
81,CUAUHTÉMOC,BEETHOVEN,17,792,2151666.57926,486344.99646,"BEETHOVEN, ADELINA PATT Y MOZART",EXHIPODROMO DE PERALVILLO,TRADICIONAL,12507,1958,62,COMIDA PREPARADA Y OTROS,"COMIDA, ARREGLOS DE FRUTA Y FLORES",RECTANGULO,1,GRANDE,NO,-99.1300999999,19.4594099148
88,CUAUHTÉMOC,HIDALGO ZONA,18,975,2146626.45067,484661.49689,"DR. BARRAGAN, ENTRE DR. BALMIS Y DR. ARCE",DOCTORES,TRADICIONAL,20227,1956,64,COMIDA PREPARADA Y OTROS,COMIDA PREPARADA,CUADRO,1,GRANDE,NO,-99.146099,19.4138489149
92,CUAUHTÉMOC,LA DALIA,19,421,2150872.75011,483196.35648,"FRESNO No 225, ENTRE MANUEL CARPIO Y ELIGIO ANCONA",SANTA MARIA LA RIBERA,TRADICIONAL,5639,1958,62,N/D,N/D,CUADRO,1,MEDIANO,NO,-99.1600919999,19.4522119147
99,CUAUHTÉMOC,MELCHOR OCAMPO,20,517,2146247.33381,482834.35741,"CAMPECHE, ENTRE MEDELLIN Y MONTERREY",ROMA,TRADICIONAL,9800,1964,56,COMIDA PREPARADA Y OTROS,COMIDA Y ARREGLO DE FRUTAS,RECTANGULO,2,MEDIANO,NO,-99.1634989999,19.4104079149
109,CUAUHTÉMOC,SAN JOAQUIN ZONA (PERALVILLO),22,477,2152030.28142,485377.15875,"ERNESTO ELORDUY, ENTRE LIZT Y SHUBERT",PERALVILLO,TRADICIONAL,5500,1958,62,N/D,N/D,CUADRO,1,MEDIANO,NO,-99.1393239999,19.4626899147
114,CUAUHTÉMOC,TEPITO FIERROS VIEJOS,23,661,2150316.14676,486514.33472,"TENOCHTITLAN , MATAMOROS Y TOLTECAS",MORELOS,ESPECIALIZADO,6587,1956,64,"ROPA, CALZADO Y TELAS","ROPA, CALZADO DEPORTIVO Y ARTICULOS USADOS",RECTANGULO,1,GRANDE,NO,-99.1284769999,19.4472069147
102,CUAUHTÉMOC,MORELIA,24,156,2146041.98235,484272.95594,DR. VERTIZ Y FEDERICO GOMEZ SANTOS,DOCTORES,TRADICIONAL,3296,1958,62,N/D,N/D,RECTANGULO,1,CHICO,NO,-99.1497949999,19.4085639149
82,CUAUHTÉMOC,BUGAMBILIA,28,201,2151022.32588,483957.15407,"BUGAMBILIA, MARIANO AZUELA Y FLORES MAGON",SANTA MARIA LA RIBERA,TRADICIONAL,2671,1964,56,N/D,N/D,RECTANGULO,1,MEDIANO,NO,-99.1528449999,19.4535699148
116,CUAUHTÉMOC,TEPITO VARIOS,36,562,2150306.87321,486634.51369,"MATAMOROS, TOLTECAS Y RIVERO",MORELOS,ESPECIALIZADO,4494,1957,63,"ROPA, CALZADO Y TELAS","CALZADO, REPARACIÓN DE ELECTRODOMESTICOS Y DE RELOJES",CUADRO,1,MEDIANO,NO,-99.127332,19.4471239148
115,CUAUHTÉMOC,TEPITO ROPA Y TELAS (granaditas),60,709,2149811.96321,486428.61878,"EJE 1 NORTE Y AZTECAS, ENTRE ARGENTINA Y COSTA RICA",MORELOS,ESPECIALIZADO,7796,1957,63,"ROPA, CALZADO Y TELAS",CALZADO,RECTANGULO,1,GRANDE,SI,-99.12929,19.4426499148
106,CUAUHTÉMOC,PEQUEÑO COMERCIO,66,84,2147479.1109,485718.014833,5 DE FEBRERO No 161 Y DIAGONAL 20 DE NOVIEMBRE,OBRERA,ESPECIALIZADO,2829,1952,68,COMIDA PREPARADA Y OTROS,COMIDA PREPARADA,IRREGULAR,1,CHICO,NO,-99.136042116,19.4215624314
103,CUAUHTÉMOC,PALACIO DE LAS FLORES,74,133,2148389.04133,484667.19047,LUIS MOYA Y ERNESTO PUGIBET,CENTRO,TURISTICO Y ESPECIALIZADO,1233,1970,50,"PLANTAS, FLORES Y PECES DE ORNATO",FLORES,RECTANGULO,2,CHICO,SI,-99.146059,19.4297779148
112,CUAUHTÉMOC,SAN JUAN PUGIBET,77,361,2148417.46134,484819.53607,"ENRNESTO PUGIBET, ENTRE LUIS MOYA Y BUEN TONO",CENTRO,TRADICIONAL,4713,1955,65,"ABARROTES, CARNÍCOS, PESCADOS Y MARISCOS, FRUTAS, VERDURAS, SEMILLAS Y DULCES",PESCADOS Y MARISCOS,RECTANGULO,1,MEDIANO,SI,-99.1446079999,19.4300359148
110,CUAUHTÉMOC,SAN JUAN ARCOS DE BELEM,78,399,2148127.59438,485031.34944,"ARCOS DE BELEM Y LOPEZ, ENTRE EJE CENTRAL  Y LOPEZ",CENTRO,TRADICIONAL,4527,1955,65,N/D,N/D,CUADRO,1,MEDIANO,NO,-99.142588,19.4274179148
79,CUAUHTÉMOC,ABELARDO L. RODRIGUEZ (CORONAS),83,151,2149276.98667,486532.97889,"RODRIGUEZ PUEBLA,COLOMBIA Y CALLEJON DE GIRON",CENTRO,ESPECIALIZADO,4150,1955,65,"ARTESANÍA, JUGUETES, BISUTERÍA",BISUTERIA Y JUGUETES,CIRCULO,1,CHICO,SI,-99.1282919999,19.4378159148
111,CUAUHTÉMOC,SAN JUAN CURIOSIDADES,86,176,2148432.70862,484979.42855,"AYUNTAMIENTO,  ARANDA Y BUEN TONO",CENTRO,TURISTICO Y ESPECIALIZADO,3670,1970,50,"ARTESANÍA, JUGUETES, BISUTERÍA",ARTESANIAS Y COMIDA,CUADRO,3,CHICO,SI,-99.1430849999,19.4301749149
87,CUAUHTÉMOC,HIDALGO ANEXO,91,428,2146720.91657,484699.16222,"DR. BARRAGAN, ENTRE DR. BALMIS Y DR. OLVERA",DOCTORES,ESPECIALIZADO,6838,1956,64,"MUEBLES, FERRETERÍA, JACIERÍA, MIMBRE, CESTERÍA, HERRAMIENTAS, ARTÍCULOS PARA COCINA, ARTÍCULOS ESOTÉRICOS",FERRETERIA Y ACCESORIOS PARA BAÑO,CUADRO,1,MEDIANO,NO,-99.1457409999,19.4147029149
90,CUAUHTÉMOC,ISABEL LA CATOLICA,96,165,2145869.21658,485372.17383,"ISABEL LA CATOLICA S/N, ENTRE HERNANDEZ DAVALOS Y EJE 3 SUR  PEON CONTRERAS",ALGARIN,TRADICIONAL,2308,1957,63,N/D,N/D,RECTANGULO,1,CHICO,NO,-99.1393239999,19.4070109149
84,CUAUHTÉMOC,CUAUHTEMOC,98,85,2148380.73709,482480.50877,"LERMA, TIGRIS Y DANUBIO",CUAUHTEMOC,TRADICIONAL,682,1958,62,N/D,N/D,CUADRO,1,CHICO,NO,-99.1668889999,19.4296849148
100,CUAUHTÉMOC,MERCED MIXCALCO,108,920,2148896.64661,486867.14278,CIRCUNVALACION S/N ENTRE MIXCALCO Y GUATEMALA,CENTRO,ESPECIALIZADO,11230,1958,62,"ROPA, CALZADO Y TELAS",ROPA,CUADRO,1,GRANDE,NO,-99.1251059999,19.4343809148
108,CUAUHTÉMOC,SAN JOAQUIN (ANEXO),110,275,2151951.36355,485404.06859,"ELORDUY,SCHUBERT Y LIZT",PERALVILLO,ESPECIALIZADO,3919,1958,62,"ROPA, CALZADO Y TELAS",ROPA Y CALZADO,CUADRO,1,MEDIANO,NO,-99.1390669999,19.4619769148
86,CUAUHTÉMOC,FRANCISCO SARABIA,114,119,2151506.94135,485587.91213,"MASCAGNI,ROSSINI Y BACH",EXHIPODROMO DE PERALVILLO,TRADICIONAL,2582,1943,77,N/D,N/D,RECTANGULO,1,CHICO,NO,-99.1373119999,19.4579619148
101,CUAUHTÉMOC,MICHOACAN,153,35,2146350.15198,481683.6701,"TAMAULIPAS Y MICHOACAN, ENTRE VICENTE SUAREZ Y ATLIXCO",HIPODROMO CONDESA,TRADICIONAL,672,1941,79,COMIDA PREPARADA Y OTROS,COMIDA PREPARADA,IRREGULAR,1,CHICO,SI,-99.1744599999,19.4113269149
105,CUAUHTÉMOC,PAULINO  NAVARRO,216,110,2146473.37397,486523.017,CALZ. DE LA VIGA Y AV. DEL TALLER,PAULINO NAVARRO,TRADICIONAL,908,1980,40,N/D,N/D,RECTANGULO,2,CHICO,NO,-99.1283669999,19.4124789149
212,MIGUEL HIDALGO,ANAHUAC ZONA,11,412,2149605.9873,482157.75845,"TLALOC Y ATZAYACATL, ENTRE NETZAHUALPILLI Y TONATZIN",TLAXPANA,TRADICIONAL,6586,1957,63,N/D,N/D,RECTANGULO,1,MEDIANO,NO,-99.1699749999,19.4407549148
226,MIGUEL HIDALGO,TACUBA,32,1231,2151528.19574,480408.7308,CAL. MEXICO TACUBA YGOLFO DE MEXICO,PUEBLO DE TACUBA,TRADICIONAL,13474,1956,64,"ROPA, CALZADO Y TELAS","ROPA, COMIDA Y ABARROTES",CUADRO,1,GRANDE,NO,-99.1866569999,19.4581099148
227,MIGUEL HIDALGO,TACUBAYA,33,512,2144951.23882,480345.22026,HEROES DE 1810 Y BECERRA,TACUBAYA,TRADICIONAL,7667,1958,62,N/D,N/D,RECTANGULO,3,MEDIANO,NO,-99.1871939999,19.398671915
216,MIGUEL HIDALGO,GRANADA,55,148,2149726.30817,479806.45516,LAGO YURIRIA Y RIO SAN JOAQUIN,GRANADA,TRADICIONAL,3522,1962,58,COMIDA PREPARADA Y OTROS,COMIDA PREPARADA,CUADRO,1,CHICO,NO,-99.1923759999,19.4418199148
211,MIGUEL HIDALGO,ANAHUAC ANEXO,72,280,2149549.25765,482121.69757,"TLALOC Y ATZAYACATL, ENTRE TIZOC  Y TONATZIN",TLAXPANA,ESPECIALIZADO,4392,1962,58,"ROPA, CALZADO Y TELAS",ROPA Y ZAPATOS,CUADRO,1,MEDIANO,SI,-99.1703179999,19.4402419148
221,MIGUEL HIDALGO,PLUTARCO ELIAS CALLES       (EL CHORRITO),75,361,2146270.69381,480018.7699,"MELCHOR MUZQUIZ Y JOSE CEBALOS, ENTRE PARQUE LIRA Y CDA. GOB. IGANCIO ESTEVA",SAN MIGUEL CHAPULTEPEC,TRADICIONAL,4102,1958,62,N/D,N/D,IRREGULAR,1,MEDIANO,NO,-99.1903169999,19.4105929149
220,MIGUEL HIDALGO,MONTE ATHOS,79,63,2147232.18636,477455.38389,"MONTE ATHOS No  375, ESQ. EVEREST",LOMAS DE CHAPULTEPEC,TRADICIONAL,496,1959,61,"PLANTAS, FLORES Y PECES DE ORNATO",FLORES,RECTANGULO,1,CHICO,SI,-99.2147439999,19.4192549148
214,MIGUEL HIDALGO,DIECIOCHO DE MARZO,85,335,2150326.6367,479581.34407,"CALLE 69 Y AV. 4, ENTRE 65 Y 67",PUEBLA,TRADICIONAL,4800,1963,57,N/D,N/D,CUADRO,1,MEDIANO,NO,-99.082984,19.4102969149
218,MIGUEL HIDALGO,LAGO GARDA,93,319,2150636.80887,480473.3663,"LAGO GARDA, LAGO CONSTANZA Y LAGO MAYOR",ANAHUAC,TRADICIONAL,4936,1955,65,N/D,N/D,CUADRO,1,MEDIANO,NO,-99.1860319999,19.4500549148
228,MIGUEL HIDALGO,ZACATITO,94,182,2151515.35319,478194.81192,"SANCTORUM Y CJON. DE ZACATITO, ENTRE RIO YAPURA Y TLACOTALPAN",ARGENTINA PONIENTE,TRADICIONAL,1775,1964,56,N/D,N/D,CUADRO,1,CHICO,NO,-99.2077499999,19.4579709148
213,MIGUEL HIDALGO,ARGENTINA,95,964,2150919.64043,478804.66076,ATTLAN Y LAGO VIEDMA S/N. ENTRE LEGARIA Y VIEDMA,ARGENTINA,TRADICIONAL,15768,1961,59,"ROPA, CALZADO Y TELAS","ROPA, TELAS Y CALZADO",RECTANGULO,1,GRANDE,NO,-99.2019329999,19.4525939147
215,MIGUEL HIDALGO,ESCANDON,99,249,2145391.99131,481372.44153,"MARTI, COMERCIO Y AGRICULTURA",ESCANDON,TRADICIONAL,4089,1957,63,N/D,N/D,CUADRO,1,MEDIANO,NO,-99.1774149999,19.402664915
217,MIGUEL HIDALGO,ING. GONZALO PEÑA MANTEROLA (CARTAGENA),100,700,2145409.97982,480167.22728,LUIS RUIZ Y ERASMO CAYETANO Q.,TACUBAYA,TRADICIONAL,8906,1960,60,"ROPA, CALZADO Y TELAS","ROPA,MALETAS, MOCHILAS Y COMIDA",RECTANGULO,1,GRANDE,NO,-99.1888939999,19.4028159149
210,MIGUEL HIDALGO,AMERICA,124,307,2145643.90896,478793.12114,"SUR 128,CORONEL CAMACHO Y GENERAL TOLA",AMERICA,TRADICIONAL,4124,1952,68,N/D,N/D,CUADRO,1,MEDIANO,NO,-99.2019839999,19.4049159149
219,MIGUEL HIDALGO,LAGO GASCASONICA,151,374,2151896.5047,479858.21148,LAGO GASCASONICA Y LAGO ESCLAVOS,HUICHAPAN,TRADICIONAL,5174,1961,59,N/D,N/D,RECTANGULO,1,MEDIANO,NO,-99.1919059999,19.4614329147
222,MIGUEL HIDALGO,PRADO NORTE,172,122,2148127.29581,477697.42641,PRADO NORTE Y EXPLANADA,LOMAS DE CHAPULTEPEC,TRADICIONAL,2135,1964,56,"PLANTAS, FLORES Y PECES DE ORNATO",FLORES,CUADRO,1,CHICO,NO,-99.2124489999,19.4273469149
223,MIGUEL HIDALGO,PRADO SUR,196,23,2147495.49886,478030.07229,MONTE ATHOS Y PRADO SUR 145,LOMAS DE CHAPULTEPEC,TRADICIONAL,727,1948,72,"PLANTAS, FLORES Y PECES DE ORNATO",PLANTAS Y FLORES,CUADRO,1,CHICO,SI,-99.2092729999,19.4216409149
225,MIGUEL HIDALGO,SAN ISIDRO ZONA,232,51,2148405.02798,476824.46165,AV. STA ROSA ENTRE   CALLE 11 Y CALLE 12,REFORMA SOCIAL,TRADICIONAL,508,1962,58,N/D,N/D,CUADRO,1,CHICO,NO,-99.2207679998,19.4298469148
224,MIGUEL HIDALGO,SAN ISIDRO ANEXO,233,38,2148391.20643,476730.38404,ACUEDUCTO Y SIERRA SANTA ROSA,REFORMA SOCIAL,ESPECIALIZADO,720,1962,58,SERVICIOS,SERVICIOS,CUADRO,1,CHICO,NO,-99.2216639999,19.4297209148
289,VENUSTIANO CARRANZA,JAMAICA ZONA,15,562,2146041.95408,487108.43831,CONGRESO DE LA UNION ENTRE MORELOS Y LA VIGA,JAMAICA,TRADICIONAL,14709,1967,53,N/D,N/D,CUADRO,1,MEDIANO,SI,-99.1227879999,19.4085839149
303,VENUSTIANO CARRANZA,MOCTEZUMA,21,526,2148657.72762,489812.47271,OTE.154 Y OTE.158 ENTRE NORTE 25 Y NORTE 21,MOCTEZUMA 2A SECCION,TRADICIONAL,6699,1961,59,N/D,N/D,CUADRO,1,MEDIANO,NO,-99.097047,19.4322389148
316,VENUSTIANO CARRANZA,UNIDAD RASTRO,25,717,2150738.31345,488391.60371,ING. EDUARDO MOLINA ENTRE ALUMINIO Y ESTAÑO,FELIPE ANGELES,TRADICIONAL,9000,1963,57,N/D,N/D,CUADRO,1,GRANDE,NO,-99.1105949999,19.4510339148
311,VENUSTIANO CARRANZA,ROMERO RUBIO,26,639,2149959.03795,489569.05124,"CANTON, ENTRE MARRUECOS Y PERSIA",ROMERO RUBIO,TRADICIONAL,10584,1962,58,N/D,N/D,CUADRO,1,GRANDE,NO,-99.099373,19.4439979148
293,VENUSTIANO CARRANZA,MERCED AMPUDIA,52,151,2148100.94741,486855.64701,AV. ANILLO DE CIRCUNVALACION No 4 y CJON. CARRETONES,MERCED CENTRO,ESPECIALIZADO,1320,1949,71,"ABARROTES, CARNÍCOS, PESCADOS Y MARISCOS, FRUTAS, VERDURAS, SEMILLAS Y DULCES",DULCES,RECTANGULO,1,CHICO,SI,-99.12521,19.4271899149
287,VENUSTIANO CARRANZA,JAMAICA COMIDAS,65,66,2145835.99804,487151.86323,CONGRESO DE LA UNION Y GUILLERMO PRIETO,JAMAICA,ESPECIALIZADO,3201,1958,62,COMIDA PREPARADA Y OTROS,COMIDA PREPARADA,RECTANGULO,1,CHICO,SI,-99.122373,19.4067229149
310,VENUSTIANO CARRANZA,PUEBLA,85,281,2146229.00866,491287.57041,"CALLE 69 Y AV. 4, ENTRE 65 Y 67",PUEBLA,TRADICIONAL,4800,1963,57,N/D,N/D,CUADRO,1,MEDIANO,NO,-99.082984,19.4102969149
299,VENUSTIANO CARRANZA,MERCED NAVE MENOR,101,647,2147912.42437,487121.52864,ROSARIO Y ADOLFO GURRION,MERCED CENTRO,ESPECIALIZADO,7600,1957,63,"ABARROTES, CARNÍCOS, PESCADOS Y MARISCOS, FRUTAS, VERDURAS, SEMILLAS Y DULCES","CARNICOS, LACTEOS Y EMBUTIDOS",RECTANGULO,1,GRANDE,SI,-99.1226759999,19.4254879148
298,VENUSTIANO CARRANZA,MERCED NAVE MAYOR,102,4200,2147989.74565,487002.22225,ROSARIO Y ABRAHAM OLVERA,MERCED CENTRO,TRADICIONAL,40000,1957,63,"ABARROTES, CARNÍCOS, PESCADOS Y MARISCOS, FRUTAS, VERDURAS, SEMILLAS Y DULCES","FRUTAS, VERDURAS, SEMILLAS Y ABARROTES",RECTANGULO,1,GRANDE,SI,-99.123813,19.4261859149
296,VENUSTIANO CARRANZA,MERCED COMIDAS,104,218,2148112.93878,487106.34456,"CALLE ROSARIO 120, ENTRE GRAL. ANAYA Y CARRETONES",MERCED CENTRO,ESPECIALIZADO,4200,1957,63,COMIDA PREPARADA Y OTROS,COMIDA PREPARADA,CUADRO,1,MEDIANO,SI,-99.1228219999,19.4272999149
297,VENUSTIANO CARRANZA,MERCED FLORES,105,110,2147976.6731,486870.46376,ANILLO DE CIRCUNVALACION S/N. ENTRE PLAZA CARRIZALES Y RAYON,MERCED CENTRO,ESPECIALIZADO,3200,1957,63,"PLANTAS, FLORES Y PECES DE ORNATO",FLORES,CUADRO,1,CHICO,SI,-99.1250679999,19.4260669149
294,VENUSTIANO CARRANZA,MERCED ANEXO,106,186,2147798.62299,486883.03713,ADOLFO GURRION ESQ. CABAÑAS,MERCED CENTRO,ESPECIALIZADO,3520,1957,63,"MUEBLES, FERRETERÍA, JACIERÍA, MIMBRE, CESTERÍA, HERRAMIENTAS, ARTÍCULOS PARA COCINA, ARTÍCULOS ESOTÉRICOS","FERRETERIA, ARTICULOS DE MADERA Y LAMINA PARA COCINA",CUADRO,1,CHICO,SI,-99.1249469999,19.4244579148
313,VENUSTIANO CARRANZA,SONORA,107,407,2147555.05186,486915.50983,SAN NICOLAS S/N. ENTRE CALLE FRAY SERVANDO T. DE MIER Y CALLE  CANAL,MERCED BALBUENA,ESPECIALIZADO,4900,1957,63,"ARTESANÍA, JUGUETES, BISUTERÍA","CERAMICA, JUGUETES Y ANIMALES VIVOS",CUADRO,1,MEDIANO,NO,-99.124636,19.4222569148
314,VENUSTIANO CARRANZA,SONORA ANEXO,-108,271,2147494.95259,486935.72792,SAN NICOLAS S/N. ENTRE CALLE FRAY SERVANDO T. DE MIER Y CALLE  CANAL,MERCED BALBUENA,ESPECIALIZADO,3060,1957,63,"MUEBLES, FERRETERÍA, JACIERÍA, MIMBRE, CESTERÍA, HERRAMIENTAS, ARTÍCULOS PARA COCINA, ARTÍCULOS ESOTÉRICOS","HERBOLARIA, ARTICULOS ESOTERICOS Y JARCIERIA",IRREGULAR,1,MEDIANO,NO,-99.1244429999,19.4217139148
278,VENUSTIANO CARRANZA,ALVARO OBREGON,140,211,2146349.54016,487625.93713,"CUCURPE Y ROA BARCENAS, ENTRE AGIABANPO Y BACUM",ALVARO OBREGON,TRADICIONAL,2680,1963,57,N/D,N/D,CUADRO,1,MEDIANO,NO,-99.1178609999,19.4113669149
286,VENUSTIANO CARRANZA,IGNACIO ZARAGOZA,148,428,2146477.76328,490398.96739,"AV.8, ENTRE CALLE 35 Y CALLE 39",IGNACIO ZARAGOZA,TRADICIONAL,6900,1962,58,N/D,N/D,CUADRO,1,MEDIANO,NO,-99.091449,19.4125409149
307,VENUSTIANO CARRANZA,PENSADOR MEXICANO,150,156,2149953.13276,490870.43819,"NORTE 172 S/N. NORTE 174, ENTRE BOLIVARES Y CIRC. INTERIOR RIO CONSULADO",PENSADOR MEXICANO,TRADICIONAL,3220,1964,56,N/D,N/D,CUADRO,1,CHICO,NO,-99.0869749999,19.4439509148
290,VENUSTIANO CARRANZA,JARDIN BALBUENA,159,133,2146829.63969,489407.24719,"RET.27 DE GENAO GARCIA, ENTRE RET.27 Y RET.29",JARDIN BALBUENA,TRADICIONAL,1670,1957,63,N/D,N/D,RECTANGULO,1,CHICO,SI,-99.100897,19.4157159149
304,VENUSTIANO CARRANZA,MORELOS,165,912,2149499.28197,487954.13034,ING. EDUARDO MOLINA ENTRE HERREROS Y HORTELANOS,MORELOS,TRADICIONAL,11550,1960,60,N/D,N/D,IRREGULAR,1,GRANDE,NO,-99.114755,19.4398339148
318,VENUSTIANO CARRANZA,VEINTE DE ABRIL,174,272,2148146.98826,489749.61789,ORIENTE 168 ENTRE ORIENTE 170 Y NORTE 13,MOCTEZUMA 1A SECCION,TRADICIONAL,5600,1987,33,N/D,N/D,CUADRO,2,MEDIANO,NO,-99.0976429999,19.4276229149
285,VENUSTIANO CARRANZA,FEDERAL,183,103,2147347.71348,490616.21864,"AV. UNIVERSIDAD NACIONAL, ENTRE SUPREMA CORTE DE JUSTICIA Y EDUCACION PUBLICA",FEDERAL,TRADICIONAL,1400,1962,58,COMIDA PREPARADA Y OTROS,COMIDA PREPARADA,CUADRO,1,CHICO,NO,-99.0893839999,19.4204039148
281,VENUSTIANO CARRANZA,AVIACION CIVIL,187,124,2146661.51393,491841.37419,HORACIO RUIZ Y LINDBERGH,AVIACION CIVIL,TRADICIONAL,1750,1964,56,N/D,N/D,CUADRO,1,CHICO,NO,-99.077711,19.4142079149
279,VENUSTIANO CARRANZA,AQUILES SERDAN,197,222,2150305.08117,490309.46937,"PEQUIN Y PUERTO ARTURO, ENTRE DINARES Y ESTERLINAS",AQUILES SERDAN,TRADICIONAL,3264,1966,54,N/D,N/D,CUADRO,1,MEDIANO,NO,-99.092321,19.4471289148
284,VENUSTIANO CARRANZA,EMILIO CARRANZA,203,126,2149784.05456,487537.06906,IMPRENTA Y JARDINEROS,MORELOS,TRADICIONAL,1680,1981,39,N/D,N/D,CUADRO,1,CHICO,NO,-99.1187299999,19.4424049148
277,VENUSTIANO CARRANZA,ADOLFO LOPEZ MATEOS,209,211,2147436.41062,492361.49109,EDUARDO BUSTAMANTE Y ERNESTO P. URUCHURTU,ADOLFO LOPEZ MATEOS,TRADICIONAL,2560,1969,51,N/D,N/D,RECTANGULO,1,MEDIANO,NO,-99.07276,19.4212129149
309,VENUSTIANO CARRANZA,PLAN DE AYALA CARACOL,214,96,2148194.79771,492698.58052,IGNCIO ZARAGOZA Y FRANCISCO VILLA,CARACOL,TRADICIONAL,1560,1970,50,N/D,N/D,CUADRO,1,CHICO,NO,-99.069552,19.4280679148
288,VENUSTIANO CARRANZA,JAMAICA NUEVO,235,1312,2145949.68968,487080.12999,"CONGRESO DE LA UNION, ENTRE GUILLERMO PRIETO Y MORELOS",JAMAICA,ESPECIALIZADO,34226,1957,63,"PLANTAS, FLORES Y PECES DE ORNATO",FLORES,CUADRO,1,GRANDE,NO,-99.123057,19.4077499149
306,VENUSTIANO CARRANZA,PANTITLAN ARENAL,238,143,2147689.37328,493166.38104,AV. CIRCUNVALACION Y ERNESTO P. URUCHURTU,PANTITLAN,TRADICIONAL,2360,1965,55,N/D,N/D,RECTANGULO,1,CHICO,NO,-99.0650939999,19.4235019149
315,VENUSTIANO CARRANZA,UNIDAD KENNEDY,240,182,2147820.69889,488596.12065,"RET. 5 DE ZARAGOZA, ENTRE CECILIO ROBELO Y RIBERA CAMBAS",JARDIN BALBUENA,TRADICIONAL,2940,1970,50,N/D,N/D,RECTANGULO,1,CHICO,NO,-99.1086289999,19.4246679149
317,VENUSTIANO CARRANZA,VALLE GOMEZ,245,203,2151633.73918,487218.85297,"RIO CONZULADO , ENTRE PROAÑO Y POZOS",VALLE GOMEZ,TRADICIONAL,4620,1972,48,N/D,N/D,CIRCULO,2,MEDIANO,NO,-99.1217739999,19.4591189147
282,VENUSTIANO CARRANZA,CALZADO LA CENTRAL,264,172,2150732.13604,488191.32975,CDA. AVIADERO ENTRE ALUMINIO Y ESTAÑO,FELIPE ANGELES,ESPECIALIZADO,2380,1974,46,"ROPA, CALZADO Y TELAS",CALZADO,RECTANGULO,1,CHICO,NO,-99.112503,19.4509769147
312,VENUSTIANO CARRANZA,SANTA JUANITA,278,107,2150046.89203,488658.61598,"OFICIOS, ENTRE ELECTRICISTAS Y GRABADOS",20 DE NOVIEMBRE,TRADICIONAL,1590,1980,40,N/D,N/D,RECTANGULO,1,CHICO,NO,-99.1080469999,19.4447869148
280,VENUSTIANO CARRANZA,ARENAL 4a SECCION,283,199,2148221.95853,494072.12018,XOCHITLAN NORTE Y XOCHITLAN SUR,ARENAL 4A SECCION,TRADICIONAL,1780,1981,39,N/D,N/D,CUADRO,1,CHICO,NO,-99.056468,19.4283179148
308,VENUSTIANO CARRANZA,PEÑON DE LOS BAÑOS,346,101,2149472.90472,491077.82726,MATAMOROS Y CHIMALHUACAN,PEÑON DE LOS BAÑOS,TRADICIONAL,1180,1985,35,N/D,N/D,CUADRO,1,CHICO,NO,-99.0849969999,19.4396119148
291,VENUSTIANO CARRANZA,LIC. OCTAVIO SENTIES,381,40,2150057.72013,488684.02484,"FLORICULTURA Y ELECTRICISTAS, ENTRE GRABADOS Y OFICIOS",20 DE NOVIEMBRE,TRADICIONAL,1375,1974,46,N/D,N/D,CUADRO,1,CHICO,NO,-99.1078049999,19.4448849148
302,VENUSTIANO CARRANZA,MINILLAS,409,225,2150652.54556,487903.25711,CONGRESO DE LA UNION Y CANLAL DEL NORTE,AMP. MICHOACAN,ESPECIALIZADO,3455,1987,33,"ABARROTES, CARNÍCOS, PESCADOS Y MARISCOS, FRUTAS, VERDURAS, SEMILLAS Y DULCES","CARNICOS, VISCERAS",CUADRO,1,MEDIANO,NO,-99.1152469999,19.4502559148
305,VENUSTIANO CARRANZA,NUEVO SAN LAZARO,901,78,2145918.22155,487944.08081,"RIO FRIO No 261, ENTRE 20 DE NOVIEMBRE E INDUSTRIA",PUEBLO DE LA MAGDALENA MIXIHUCA,ESPECIALIZADO,1518,1980,40,"PLANTAS, FLORES Y PECES DE ORNATO",PECES DE ORNATO Y ARTICULOS PARA PECERAS,RECTANGULO,1,CHICO,NO,-99.114828,19.4074709149
283,VENUSTIANO CARRANZA,DEL PARQUE,903,106,2146880.34713,487300.10948,"CONGRESO DE LA UNION S/N, LORENZO BOTURINI Y NIVEL",DEL PARQUE,TRADICIONAL,1580,1946,74,COMIDA PREPARADA Y OTROS,COMIDA PREPARADA,RECTANGULO,1,CHICO,NO,-99.1209679999,19.4161619149
292,VENUSTIANO CARRANZA,LUIS PRECIADO DE LA TORRE,904,132,2148230.83592,488860.50347,EMILIO CARRANZA Y LUIS PRECIADO DE LA TORRE,MOCTEZUMA,TRADICIONAL,1800,1987,33,COMIDA PREPARADA Y OTROS,COMIDA PREPARADA,RECTANGULO,1,CHICO,NO,-99.1061129999,19.4283759148
295,VENUSTIANO CARRANZA,MERCED BANQUETON,109,449,2147991.17003,487084.59,ROSARIO Y ABRAHAM OLVERA COL.,MERCED CENTRO,TRADICIONAL,4000,1969,51,N/D,N/D,RECTANGULO,1,CHICO,NO,-99.1230284001,19.4261993206
104,CUAUHTÉMOC,PASAJE CHAPULTEPEC,363,45,2147622.61003,481627.47,REFORMA CON RODANO Y LIEJA,COL CUAUHTÉMOC,ESPECIALIZADO,1570,1976,44,COMIDAS Y PASAJE COMERCIAL,N/D,IRREGULAR,1,CHICO,NO,-99.1750076016,19.4228258996
83,CUAUHTÉMOC,COLIMA,158,52,2147038.36003,482057.22,"COLIMA 397, CP 6700",ROMA NORTE,TRADICIONAL,564,1958,62,N/D,N/D,CUADRO,1,CHICO,NO,-99.1709085105,19.4175497958
244,TLÁHUAC,LA ESTACION,411,70,2135097.34003,495425.01,PINO SUAREZ S/N ENTRE BELLAS ARTES Y SAN RAFAEL ATLIXCO,LA ESTACION,TRADICIONAL,1282,2012,8,N/D,N/D,CUADRO,1,CHICO,NO,-99.0435490834,19.3097100862
31,AZCAPOTZALCO,REYNOSA TAMAULIPAS,177,216,2155293.45131,480699.298828,REFINERIA MINATITLAN Y CAMPO CORONA,REYNOSA TAMAULIPAS,TRADICIONAL,3508,1964,56,N/D,N/D,CUADRO,1,MEDIANO,NO,-99.1839269999,19.4921399147
74,CUAJIMALPA,CONTADERO,-394,78,2139388.50338,468421.655734,16 DE SEPTIEMBRE S/N. ENTRE VERACRUZ Y ARTEAGA SALAZAR,CONTADERO,TRADICIONAL,3966,1987,33,N/D,N/D,CUADRO,1,CHICO,NO,-99.300662,19.348248
128,GUSTAVO A. MADERO,EMILIANO ZAPATA,57,301,2152076.98892,488083.055647,ORIENTE 95 Y NORTE 60,EMILIANO ZAPATA,TRADICIONAL,4517,1963,57,N/D,N/D,CUADRO,1,MEDIANO,NO,-99.113543,19.46313
165,GUSTAVO A. MADERO,24 DE SEPTIEMBRE,365,78,2153349.98787,493394.265379,RET. TREBOL TULLA Y PITACANTO,U.H. PRADERA,TRADICIONAL,1644,1981,39,N/D,N/D,CUADRO,1,CHICO,NO,-99.062943,19.474659
274,TLALPAN,VEINTICUATRO DE FEBRERO,0.394,53,2131231.93491,476307.622623,"F.F. C.C. CUERNAVACA, ENTRE TULUN Y PROL. TEKIL",LOMAS DE PADIERNA SUR,TRADICIONAL,460,1989,31,N/D,N/D,CUADRO,1,CHICO,NO,-99.225478,19.274643
300,VENUSTIANO CARRANZA,MERCED PASO A DESNIVEL,103,77,2147923.66359,487046.161235,ROSARIO Y ADOLFO GURRION COL. MERCED CENTRO,MERCED CENTRO,ESPECIALIZADO,2100,1957,63,"MUEBLES, FERRETERÍA, JACIERÍA, MIMBRE, CESTERÍA, HERRAMIENTAS, ARTÍCULOS PARA COCINA, ARTÍCULOS ESOTÉRICOS","JARCIERIA, CESTERIA Y MIMBRE",RECTANGULO,1,CHICO,SI,-99.123394,19.425589
301,VENUSTIANO CARRANZA,MERCED PASO A DESNIVEL GOMEZ PEDRAZA,241,67,2147715.97258,487039.188724,ROSARIO Y ADOLFO GURRION COL. MERCED CENTRO,MERCED CENTRO,ESPECIALIZADO,2100,1969,51,N/D,N/D,RECTANGULO,1,CHICO,SI,-99.123459,19.423712
0,GUSTAVO A. MADERO,PROVIDENCIA,136,193,2154380.84177,492568.9613,"ESTADO DE ZACATECAS, ENTRE ESTADO DE MORELOS Y ESTADO DE OAXACA",PROVIDENCIA,TRADICIONAL,4978,1986,34,N/D,N/D,RECTANGULAR,1,CHICO,NO,-99.070745,19.484384
